hash_partida,hash_tf,data_partida,periodo,temporada,team_hash_a,team_hash_b,fg_made_a,fg_att_a,fg3_made_a,fg3_att_a,fg2_made_a,fg2_att_a,ft_made_a,ft_att_a,fg_made_b,fg_att_b,fg3_made_b,fg3_att_b,fg2_made_b,fg2_att_b,ft_made_b,ft_att_b,pace_a,pace_b,match_pace,pts_a,pts_b,a_mov,total,a_mov_cumsum,a_mov_prior
Botafogo2023Mogi2023,Botafogo2023Mogi2023Final,2023-06-15,Final,2023,Botafogo2023,Mogi2023,56,63,5,27,12,36,17,29,69,51,3,19,17,32,26,44,94.76,76.36,85.56,56,69,-13,125,-26,
Bauru Basket2023Pinheiros2023,Bauru Basket2023Pinheiros2023Final,2023-06-15,Final,2023,Bauru Basket2023,Pinheiros2023,50,74,3,32,15,42,11,14,93,63,11,27,22,36,16,23,85.16,79.12,82.14,50,93,-43,143,-86,
Flamengo2023São José Basketball2023,Flamengo2023São José Basketball2023Final,2023-06-15,Final,2023,Flamengo2023,São José Basketball2023,68,64,7,24,21,40,5,13,97,71,9,23,26,48,18,32,73.72,82.08,77.9,68,97,-29,165,-58,
Caxias2023IVV/CETAF2023,Caxias2023IVV/CETAF2023Final,2023-06-16,Final,2023,Caxias2023,IVV/CETAF2023,74,70,7,26,24,44,5,14,40,51,3,18,11,33,9,18,77.16,61.92,69.53999999999999,74,40,34,114,68,
Flamengo2023Mogi2023,Flamengo2023Mogi2023Final,2023-06-16,Final,2023,Flamengo2023,Mogi2023,71,65,5,20,24,45,8,15,77,62,10,37,14,25,19,24,81.6,77.56,79.58,71,77,-6,148,-12,
Botafogo2023Pinheiros2023,Botafogo2023Pinheiros2023Final,2023-06-16,Final,2023,Botafogo2023,Pinheiros2023,73,71,9,34,16,37,14,22,102,68,12,31,28,37,10,25,90.68,85.0,87.84,73,102,-29,175,-58,
Bauru Basket2023São José Basketball2023,Bauru Basket2023São José Basketball2023Final,2023-06-16,Final,2023,Bauru Basket2023,São José Basketball2023,63,60,5,23,17,37,14,19,71,63,3,16,22,47,18,30,85.36,79.2,82.28,63,71,-8,134,-16,
AABJ Joinville2023Thalia/PH.D Esportes2023,AABJ Joinville2023Thalia/PH.D Esportes2023Final,2023-06-16,Final,2023,AABJ Joinville2023,Thalia/PH.D Esportes2023,46,70,6,31,10,39,8,11,65,61,6,24,17,37,13,24,82.84,81.56,82.2,46,65,-19,111,-38,
Pato Basquete2023União Corinthians2023,Pato Basquete2023União Corinthians2023Final,2023-06-16,Final,2023,Pato Basquete2023,União Corinthians2023,80,75,11,37,20,38,7,15,57,70,3,14,22,56,4,9,79.6,75.96,77.78,80,57,23,137,46,
Bauru Basket2023Flamengo2023,Bauru Basket2023Flamengo2023Final,2023-06-17,Final,2023,Bauru Basket2023,Flamengo2023,73,69,7,27,21,42,10,12,54,57,2,16,18,41,12,24,74.28,75.56,74.92,73,54,19,127,38,
AABJ Joinville2023Pato Basquete2023,AABJ Joinville2023Pato Basquete2023Final,2023-06-17,Final,2023,AABJ Joinville2023,Pato Basquete2023,68,69,8,36,18,33,8,9,78,59,10,25,16,34,16,21,80.96,71.24,76.1,68,78,-10,146,-20,
Botafogo2023São José Basketball2023,Botafogo2023São José Basketball2023Final,2023-06-17,Final,2023,Botafogo2023,São José Basketball2023,67,58,8,27,17,31,9,22,73,60,6,23,23,37,9,20,76.68,79.8,78.24000000000001,67,73,-6,140,-12,
IVV/CETAF2023Thalia/PH.D Esportes2023,IVV/CETAF2023Thalia/PH.D Esportes2023Final,2023-06-17,Final,2023,IVV/CETAF2023,Thalia/PH.D Esportes2023,47,62,3,31,15,31,8,16,74,72,3,21,25,51,15,25,74.04,81.0,77.52000000000001,47,74,-27,121,-54,
Caxias2023União Corinthians2023,Caxias2023União Corinthians2023Final,2023-06-17,Final,2023,Caxias2023,União Corinthians2023,78,80,9,45,21,35,9,14,44,60,1,14,16,46,9,19,89.16,71.36,80.25999999999999,78,44,34,122,68,
B.Cearense2023Caixa Brasília Basquete2023,B.Cearense2023Caixa Brasília Basquete2023Final,2023-06-18,Final,2023,B.Cearense2023,Caixa Brasília Basquete2023,64,60,4,24,19,36,14,26,67,70,8,29,18,41,7,15,71.44,85.6,78.52,64,67,-3,131,-6,
IVV/CETAF2023Pato Basquete2023,IVV/CETAF2023Pato Basquete2023Final,2023-06-18,Final,2023,IVV/CETAF2023,Pato Basquete2023,70,62,8,24,21,38,4,5,78,62,9,28,19,34,13,17,74.2,66.48,70.34,70,78,-8,148,-16,
Minas2023Praia Clube2023,Minas2023Praia Clube2023Final,2023-06-18,Final,2023,Minas2023,Praia Clube2023,72,65,7,28,19,37,13,25,92,72,12,31,23,41,10,20,85.0,92.8,88.9,72,92,-20,164,-40,
Paulistano2023R10 Score Vasco da Gama2023,Paulistano2023R10 Score Vasco da Gama2023Final,2023-06-18,Final,2023,Paulistano2023,R10 Score Vasco da Gama2023,80,64,5,28,24,36,17,30,56,60,6,25,15,35,8,17,79.2,81.48,80.34,80,56,24,136,48,
Corinthians2023Rio Claro Basquete2023,Corinthians2023Rio Claro Basquete2023Final,2023-06-18,Final,2023,Corinthians2023,Rio Claro Basquete2023,96,82,10,41,25,41,16,27,56,71,3,24,19,47,9,11,86.88,91.84,89.36,96,56,40,152,80,
SESI Franca2023São Paulo FC2023,SESI Franca2023São Paulo FC2023Final,2023-06-18,Final,2023,SESI Franca2023,São Paulo FC2023,63,64,3,24,17,40,20,31,59,64,10,32,8,32,13,19,76.64,95.36,86.0,63,59,4,122,8,
Caxias2023Thalia/PH.D Esportes2023,Caxias2023Thalia/PH.D Esportes2023Final,2023-06-18,Final,2023,Caxias2023,Thalia/PH.D Esportes2023,54,54,4,23,12,31,18,30,53,57,4,13,16,44,9,17,76.2,78.48,77.34,54,53,1,107,2,
Cerrado2023UNIFACISA2023,Cerrado2023UNIFACISA2023Final,2023-06-18,Final,2023,Cerrado2023,UNIFACISA2023,65,86,11,51,12,35,8,20,99,66,9,15,29,51,14,19,90.8,81.36,86.08,65,99,-34,164,-68,
AABJ Joinville2023União Corinthians2023,AABJ Joinville2023União Corinthians2023Final,2023-06-18,Final,2023,AABJ Joinville2023,União Corinthians2023,80,83,6,36,25,47,12,22,84,74,6,29,26,45,14,21,89.68,83.24,86.46000000000001,80,84,-4,164,-4,
B.Cearense2023Cerrado2023,B.Cearense2023Cerrado2023Final,2023-06-19,Final,2023,B.Cearense2023,Cerrado2023,73,57,5,22,19,35,20,30,65,81,10,43,13,38,9,14,81.2,87.16,84.18,73,65,8,138,16,
Botafogo2023Flamengo2023,Botafogo2023Flamengo2023Final,2023-06-19,Final,2023,Botafogo2023,Flamengo2023,61,64,3,24,17,40,18,25,62,72,5,30,17,42,13,17,79.0,79.48,79.24000000000001,61,62,-1,123,-2,
Caixa Brasília Basquete2023Minas2023,Caixa Brasília Basquete2023Minas2023Final,2023-06-19,Final,2023,Caixa Brasília Basquete2023,Minas2023,48,64,3,27,13,37,13,20,93,78,11,36,21,42,18,27,87.8,89.88,88.84,48,93,-45,141,-90,
Bauru Basket2023Mogi2023,Bauru Basket2023Mogi2023Final,2023-06-19,Final,2023,Bauru Basket2023,Mogi2023,66,59,7,22,15,37,15,21,68,61,6,28,15,33,20,27,81.24,79.88,80.56,66,68,-2,134,-4,
Corinthians2023R10 Score Vasco da Gama2023,Corinthians2023R10 Score Vasco da Gama2023Final,2023-06-19,Final,2023,Corinthians2023,R10 Score Vasco da Gama2023,85,68,10,31,20,37,15,24,63,62,7,21,15,41,12,16,76.56,75.04,75.80000000000001,85,63,22,148,44,
Pinheiros2023São José Basketball2023,Pinheiros2023São José Basketball2023Final,2023-06-19,Final,2023,Pinheiros2023,São José Basketball2023,97,78,14,36,21,42,13,17,84,55,9,20,18,35,21,26,88.48,76.44,82.46000000000001,97,84,13,181,26,
Rio Claro Basquete2023São Paulo FC2023,Rio Claro Basquete2023São Paulo FC2023Final,2023-06-19,Final,2023,Rio Claro Basquete2023,São Paulo FC2023,48,70,5,36,14,34,5,16,46,71,9,36,6,35,7,9,83.04,73.96,78.5,48,46,2,94,4,
Praia Clube2023UNIFACISA2023,Praia Clube2023UNIFACISA2023Final,2023-06-19,Final,2023,Praia Clube2023,UNIFACISA2023,63,71,4,30,19,41,13,20,69,67,6,21,18,46,15,21,80.8,87.24,84.02,63,69,-6,132,-12,
Bauru Basket2023Botafogo2023,Bauru Basket2023Botafogo2023Final,2023-06-20,Final,2023,Bauru Basket2023,Botafogo2023,77,54,5,21,20,33,22,29,65,77,3,22,21,55,14,19,79.76,87.36,83.56,77,65,12,142,24,
AABJ Joinville2023Caxias2023,AABJ Joinville2023Caxias2023Final,2023-06-20,Final,2023,AABJ Joinville2023,Caxias2023,65,61,6,19,19,42,9,14,85,69,7,28,27,41,10,22,74.16,75.68,74.92,65,85,-20,150,-40,
B.Cearense2023Minas2023,B.Cearense2023Minas2023Final,2023-06-20,Final,2023,B.Cearense2023,Minas2023,55,70,4,27,16,43,11,21,102,76,17,43,18,33,15,27,89.24,94.88,92.06,55,102,-47,157,-94,
Flamengo2023Pinheiros2023,Flamengo2023Pinheiros2023Final,2023-06-20,Final,2023,Flamengo2023,Pinheiros2023,77,68,9,22,22,46,6,10,84,65,9,30,21,35,15,25,77.4,78.0,77.7,77,84,-7,161,-14,
Cerrado2023Praia Clube2023,Cerrado2023Praia Clube2023Final,2023-06-20,Final,2023,Cerrado2023,Praia Clube2023,72,71,8,27,22,44,4,7,92,73,9,25,28,48,9,14,66.08,80.16,73.12,72,92,-20,164,-40,
Paulistano2023Rio Claro Basquete2023,Paulistano2023Rio Claro Basquete2023Final,2023-06-20,Final,2023,Paulistano2023,Rio Claro Basquete2023,93,83,4,22,34,61,13,21,42,64,5,22,13,42,1,2,77.24,76.88,77.06,93,42,51,135,102,
R10 Score Vasco da Gama2023SESI Franca2023,R10 Score Vasco da Gama2023SESI Franca2023Final,2023-06-20,Final,2023,R10 Score Vasco da Gama2023,SESI Franca2023,60,55,1,14,20,41,17,30,66,48,7,21,12,27,21,41,84.2,79.03999999999999,81.62,60,66,-6,126,-12,
Mogi2023São José Basketball2023,Mogi2023São José Basketball2023Final,2023-06-20,Final,2023,Mogi2023,São José Basketball2023,60,63,4,18,18,45,12,20,92,70,8,16,29,54,10,17,73.8,81.48,77.64,60,92,-32,152,-64,
Corinthians2023São Paulo FC2023,Corinthians2023São Paulo FC2023Final,2023-06-20,Final,2023,Corinthians2023,São Paulo FC2023,80,69,8,29,22,40,12,16,54,73,7,32,14,41,5,9,81.04,78.96,80.0,80,54,26,134,52,
Pato Basquete2023Thalia/PH.D Esportes2023,Pato Basquete2023Thalia/PH.D Esportes2023Final,2023-06-20,Final,2023,Pato Basquete2023,Thalia/PH.D Esportes2023,82,74,7,34,18,40,25,28,71,70,7,27,19,43,12,16,80.32,84.04,82.18,82,71,11,153,22,
Caixa Brasília Basquete2023UNIFACISA2023,Caixa Brasília Basquete2023UNIFACISA2023Final,2023-06-20,Final,2023,Caixa Brasília Basquete2023,UNIFACISA2023,47,67,5,32,12,35,8,17,57,53,2,18,15,35,21,34,85.48,74.96000000000001,80.22,47,57,-10,104,-20,
IVV/CETAF2023União Corinthians2023,IVV/CETAF2023União Corinthians2023Final,2023-06-20,Final,2023,IVV/CETAF2023,União Corinthians2023,68,61,6,19,21,42,8,13,57,74,7,38,16,36,4,7,70.72,77.08,73.9,68,57,11,125,22,
AABJ Joinville2023IVV/CETAF2023,AABJ Joinville2023IVV/CETAF2023Final,2023-06-21,Final,2023,AABJ Joinville2023,IVV/CETAF2023,58,73,7,25,13,48,11,17,64,60,6,19,19,41,8,10,75.48,75.4,75.44,58,64,-6,122,-12,
Caxias2023Pato Basquete2023,Caxias2023Pato Basquete2023Final,2023-06-21,Final,2023,Caxias2023,Pato Basquete2023,67,68,10,34,16,34,5,9,63,59,4,19,22,40,7,11,65.96,66.84,66.4,67,63,4,130,8,
Thalia/PH.D Esportes2023União Corinthians2023,Thalia/PH.D Esportes2023União Corinthians2023Final,2023-06-21,Final,2023,Thalia/PH.D Esportes2023,União Corinthians2023,92,79,7,30,28,49,15,23,71,76,7,28,21,48,8,14,88.12,88.16,88.14,92,71,21,163,42,
Cerrado2023Minas2023,Cerrado2023Minas2023Final,2023-06-22,Final,2023,Cerrado2023,Minas2023,50,76,4,29,17,47,4,8,119,80,11,25,37,55,12,20,79.52,76.8,78.16,50,119,-69,169,-138,
Caixa Brasília Basquete2023Praia Clube2023,Caixa Brasília Basquete2023Praia Clube2023Final,2023-06-22,Final,2023,Caixa Brasília Basquete2023,Praia Clube2023,62,58,4,18,18,40,14,22,88,65,12,31,18,34,16,26,80.68,82.44,81.56,62,88,-26,150,-52,
R10 Score Vasco da Gama2023Rio Claro Basquete2023,R10 Score Vasco da Gama2023Rio Claro Basquete2023Final,2023-06-22,Final,2023,R10 Score Vasco da Gama2023,Rio Claro Basquete2023,69,72,7,24,16,48,16,20,61,61,3,25,20,36,12,19,77.8,70.36,74.08,69,61,8,130,16,
Corinthians2023SESI Franca2023,Corinthians2023SESI Franca2023Final,2023-06-22,Final,2023,Corinthians2023,SESI Franca2023,74,67,8,28,17,39,16,21,69,62,3,15,25,47,10,18,77.24,73.92,75.58,74,69,5,143,10,
Paulistano2023São Paulo FC2023,Paulistano2023São Paulo FC2023Final,2023-06-22,Final,2023,Paulistano2023,São Paulo FC2023,76,82,8,34,20,48,12,18,29,57,5,33,6,24,2,12,77.92,72.28,75.1,76,29,47,105,94,
B.Cearense2023UNIFACISA2023,B.Cearense2023UNIFACISA2023Final,2023-06-22,Final,2023,B.Cearense2023,UNIFACISA2023,43,65,2,27,15,38,7,9,65,67,7,26,19,41,6,9,60.959999999999994,74.96,67.96,43,65,-22,108,-44,
Caixa Brasília Basquete2023Cerrado2023,Caixa Brasília Basquete2023Cerrado2023Final,2023-06-23,Final,2023,Caixa Brasília Basquete2023,Cerrado2023,87,66,8,20,24,46,15,24,77,69,9,31,18,38,14,19,89.56,83.36,86.46000000000001,87,77,10,164,20,
Corinthians2023Paulistano2023,Corinthians2023Paulistano2023Final,2023-06-23,Final,2023,Corinthians2023,Paulistano2023,65,65,3,21,21,44,14,19,76,70,7,25,21,45,13,21,77.36,82.24,79.8,65,76,-11,141,-22,
B.Cearense2023Praia Clube2023,B.Cearense2023Praia Clube2023Final,2023-06-23,Final,2023,B.Cearense2023,Praia Clube2023,75,56,4,16,23,40,17,28,93,83,9,27,27,56,12,19,77.32,86.36,81.84,75,93,-18,168,-36,
Rio Claro Basquete2023SESI Franca2023,Rio Claro Basquete2023SESI Franca2023Final,2023-06-23,Final,2023,Rio Claro Basquete2023,SESI Franca2023,69,65,8,26,18,39,9,14,81,65,5,16,27,49,12,16,78.16,78.04,78.1,69,81,-12,150,-24,
R10 Score Vasco da Gama2023São Paulo FC2023,R10 Score Vasco da Gama2023São Paulo FC2023Final,2023-06-23,Final,2023,R10 Score Vasco da Gama2023,São Paulo FC2023,69,72,4,26,25,46,7,10,55,61,7,26,12,35,10,18,79.4,63.92,71.66,69,55,14,124,28,
Minas2023UNIFACISA2023,Minas2023UNIFACISA2023Final,2023-06-23,Final,2023,Minas2023,UNIFACISA2023,67,76,7,33,17,43,12,19,63,65,4,20,19,45,13,15,76.36,75.6,75.97999999999999,67,63,4,130,8,
Cerrado2023Flamengo2023,Cerrado2023Flamengo2023Final,2023-07-20,Final,2023,Cerrado2023,Flamengo2023,35,60,2,31,11,29,7,15,74,66,4,18,26,48,10,18,71.6,76.92,74.25999999999999,35,74,-39,109,-78,
Bauru Basket2023Minas2023,Bauru Basket2023Minas2023Final,2023-07-20,Final,2023,Bauru Basket2023,Minas2023,71,66,12,31,14,35,7,13,70,69,6,22,21,47,10,20,84.72,71.8,78.25999999999999,71,70,1,141,2,
Corinthians2023Pato Basquete2023,Corinthians2023Pato Basquete2023Final,2023-07-20,Final,2023,Corinthians2023,Pato Basquete2023,51,71,4,38,17,33,5,7,60,58,8,28,11,30,14,19,75.08,69.36,72.22,51,60,-9,111,-18,
AABJ Joinville2023Paulistano2023,AABJ Joinville2023Paulistano2023Final,2023-07-20,Final,2023,AABJ Joinville2023,Paulistano2023,57,61,8,17,14,44,5,11,97,66,13,28,19,38,20,26,74.84,72.44,73.64,57,97,-40,154,-80,
Caixa Brasília Basquete2023Pinheiros2023,Caixa Brasília Basquete2023Pinheiros2023Final,2023-07-20,Final,2023,Caixa Brasília Basquete2023,Pinheiros2023,39,59,2,24,10,35,13,29,83,82,3,29,30,53,14,24,81.76,84.56,83.16,39,83,-44,122,-88,
Botafogo2023Praia Clube2023,Botafogo2023Praia Clube2023Final,2023-07-20,Final,2023,Botafogo2023,Praia Clube2023,66,65,4,18,21,47,12,17,68,57,4,21,20,36,16,24,82.48,74.56,78.52000000000001,66,68,-2,134,-4,
Caxias2023R10 Score Vasco da Gama2023,Caxias2023R10 Score Vasco da Gama2023Final,2023-07-20,Final,2023,Caxias2023,R10 Score Vasco da Gama2023,84,70,10,30,21,40,12,22,69,69,11,35,16,34,4,8,82.68,76.52,79.6,84,69,15,153,30,
B.Cearense2023São José Basketball2023,B.Cearense2023São José Basketball2023Final,2023-07-20,Final,2023,B.Cearense2023,São José Basketball2023,61,59,3,17,18,42,16,25,100,78,8,36,32,42,12,18,66.0,90.92,78.46000000000001,61,100,-39,161,-78,
IVV/CETAF2023São Paulo FC2023,IVV/CETAF2023São Paulo FC2023Final,2023-07-20,Final,2023,IVV/CETAF2023,São Paulo FC2023,51,59,8,27,10,32,7,13,56,60,4,22,16,38,12,20,70.72,68.8,69.75999999999999,51,56,-5,107,-10,
Rio Claro Basquete2023Thalia/PH.D Esportes2023,Rio Claro Basquete2023Thalia/PH.D Esportes2023Final,2023-07-20,Final,2023,Rio Claro Basquete2023,Thalia/PH.D Esportes2023,70,59,6,30,14,29,24,28,62,72,4,21,19,51,12,20,86.32,83.8,85.06,70,62,8,132,16,
Mogi2023UNIFACISA2023,Mogi2023UNIFACISA2023Final,2023-07-20,Final,2023,Mogi2023,UNIFACISA2023,68,57,7,21,18,36,11,18,70,55,4,16,22,39,14,33,80.92,74.52,77.72,68,70,-2,138,-4,
SESI Franca2023União Corinthians2023,SESI Franca2023União Corinthians2023Final,2023-07-20,Final,2023,SESI Franca2023,União Corinthians2023,103,68,7,22,30,46,22,36,57,56,10,24,9,32,9,9,71.84,81.96000000000001,76.9,103,57,46,160,92,
B.Cearense2023Botafogo2023,B.Cearense2023Botafogo2023Final,2023-07-21,Final,2023,B.Cearense2023,Botafogo2023,64,67,6,21,21,46,4,17,79,78,7,27,22,51,14,21,74.48,94.24,84.36,64,79,-15,143,-30,
Bauru Basket2023Caixa Brasília Basquete2023,Bauru Basket2023Caixa Brasília Basquete2023Final,2023-07-21,Final,2023,Bauru Basket2023,Caixa Brasília Basquete2023,80,63,9,23,24,40,5,10,60,61,4,21,19,40,10,20,74.4,66.8,70.6,80,60,20,140,40,
IVV/CETAF2023Paulistano2023,IVV/CETAF2023Paulistano2023Final,2023-07-21,Final,2023,IVV/CETAF2023,Paulistano2023,35,47,4,20,9,27,5,11,85,82,8,30,25,52,11,20,61.84,81.8,71.82,35,85,-50,120,-100,
Cerrado2023Pinheiros2023,Cerrado2023Pinheiros2023Final,2023-07-21,Final,2023,Cerrado2023,Pinheiros2023,46,56,4,19,12,37,10,17,101,90,6,28,35,62,13,28,74.48,86.32,80.4,46,101,-55,147,-110,
Mogi2023Praia Clube2023,Mogi2023Praia Clube2023Final,2023-07-21,Final,2023,Mogi2023,Praia Clube2023,63,65,9,32,16,33,4,8,61,57,4,22,21,35,7,13,69.52,68.72,69.12,63,61,2,124,4,
AABJ Joinville2023R10 Score Vasco da Gama2023,AABJ Joinville2023R10 Score Vasco da Gama2023Final,2023-07-21,Final,2023,AABJ Joinville2023,R10 Score Vasco da Gama2023,61,64,4,27,12,37,25,34,100,74,14,36,21,38,16,26,88.96000000000001,90.44,89.7,61,100,-39,161,-78,
Caxias2023Rio Claro Basquete2023,Caxias2023Rio Claro Basquete2023Final,2023-07-21,Final,2023,Caxias2023,Rio Claro Basquete2023,63,64,5,27,18,37,12,17,71,57,9,23,16,34,12,21,79.48,73.24,76.36,63,71,-8,134,-16,
Minas2023São José Basketball2023,Minas2023São José Basketball2023Final,2023-07-21,Final,2023,Minas2023,São José Basketball2023,71,59,5,25,18,34,20,26,67,67,8,28,13,39,17,22,69.44,79.68,74.56,71,67,4,138,8,
Pato Basquete2023São Paulo FC2023,Pato Basquete2023São Paulo FC2023Final,2023-07-21,Final,2023,Pato Basquete2023,São Paulo FC2023,67,65,7,29,17,36,12,16,62,67,11,33,12,34,5,9,68.04,73.96,71.0,67,62,5,129,10,
SESI Franca2023Thalia/PH.D Esportes2023,SESI Franca2023Thalia/PH.D Esportes2023Final,2023-07-21,Final,2023,SESI Franca2023,Thalia/PH.D Esportes2023,81,69,8,36,17,33,23,30,66,64,5,27,17,37,17,24,90.2,78.56,84.38,81,66,15,147,30,
Flamengo2023UNIFACISA2023,Flamengo2023UNIFACISA2023Final,2023-07-21,Final,2023,Flamengo2023,UNIFACISA2023,43,67,2,20,16,47,5,15,60,60,5,14,20,46,5,18,79.6,63.92,71.75999999999999,43,60,-17,103,-34,
Corinthians2023União Corinthians2023,Corinthians2023União Corinthians2023Final,2023-07-21,Final,2023,Corinthians2023,União Corinthians2023,89,83,6,34,27,49,17,28,65,63,9,23,16,40,6,10,75.32,76.4,75.86,89,65,24,154,48,
Bauru Basket2023Cerrado2023,Bauru Basket2023Cerrado2023Final,2023-07-22,Final,2023,Bauru Basket2023,Cerrado2023,80,68,9,33,24,35,5,9,50,53,8,29,11,24,4,8,79.96,58.52,69.24,80,50,30,130,60,
Botafogo2023Minas2023,Botafogo2023Minas2023Final,2023-07-22,Final,2023,Botafogo2023,Minas2023,60,61,6,22,17,39,8,9,71,67,5,26,20,41,16,28,76.96,70.32,73.63999999999999,60,71,-11,131,-22,
B.Cearense2023Mogi2023,B.Cearense2023Mogi2023Final,2023-07-22,Final,2023,B.Cearense2023,Mogi2023,59,57,4,18,19,39,9,18,71,71,10,35,17,36,7,16,62.92,84.04,73.48,59,71,-12,130,-24,
Pato Basquete2023Paulistano2023,Pato Basquete2023Paulistano2023Final,2023-07-22,Final,2023,Pato Basquete2023,Paulistano2023,60,61,8,24,14,37,8,13,68,60,10,26,14,34,10,18,69.72,68.92,69.32,60,68,-8,128,-16,
Flamengo2023Praia Clube2023,Flamengo2023Praia Clube2023Final,2023-07-22,Final,2023,Flamengo2023,Praia Clube2023,56,70,4,16,19,54,6,13,69,72,5,28,26,44,2,8,68.72,73.52,71.12,56,69,-13,125,-26,
IVV/CETAF2023R10 Score Vasco da Gama2023,IVV/CETAF2023R10 Score Vasco da Gama2023Final,2023-07-22,Final,2023,IVV/CETAF2023,R10 Score Vasco da Gama2023,49,58,6,20,12,38,7,18,59,52,6,20,12,32,17,24,72.92,69.56,71.24000000000001,49,59,-10,108,-20,
AABJ Joinville2023Rio Claro Basquete2023,AABJ Joinville2023Rio Claro Basquete2023Final,2023-07-22,Final,2023,AABJ Joinville2023,Rio Claro Basquete2023,73,64,8,27,20,37,9,12,63,55,5,20,16,35,16,29,83.28,74.76,79.02000000000001,73,63,10,136,20,
Caxias2023SESI Franca2023,Caxias2023SESI Franca2023Final,2023-07-22,Final,2023,Caxias2023,SESI Franca2023,69,73,7,33,20,40,8,11,61,59,5,18,16,41,14,17,75.84,66.48,71.16,69,61,8,130,16,
Caixa Brasília Basquete2023São José Basketball2023,Caixa Brasília Basquete2023São José Basketball2023Final,2023-07-22,Final,2023,Caixa Brasília Basquete2023,São José Basketball2023,56,64,2,24,20,40,10,16,88,80,11,34,23,46,9,12,74.04,84.28,79.16,56,88,-32,144,-64,
Corinthians2023Thalia/PH.D Esportes2023,Corinthians2023Thalia/PH.D Esportes2023Final,2023-07-22,Final,2023,Corinthians2023,Thalia/PH.D Esportes2023,90,69,8,26,20,43,26,36,82,80,7,25,26,55,9,15,78.84,94.6,86.72,90,82,8,172,16,
Pinheiros2023UNIFACISA2023,Pinheiros2023UNIFACISA2023Final,2023-07-22,Final,2023,Pinheiros2023,UNIFACISA2023,89,75,12,31,21,44,11,15,48,58,5,17,14,41,5,11,80.6,71.84,76.22,89,48,41,137,82,
São Paulo FC2023União Corinthians2023,São Paulo FC2023União Corinthians2023Final,2023-07-22,Final,2023,São Paulo FC2023,União Corinthians2023,79,65,12,29,11,36,21,29,73,61,9,28,19,33,8,13,71.76,82.72,77.24000000000001,79,73,6,152,12,
Botafogo2023Caixa Brasília Basquete2023,Botafogo2023Caixa Brasília Basquete2023Final,2023-07-24,Final,2023,Botafogo2023,Caixa Brasília Basquete2023,82,72,7,22,26,50,9,20,78,64,6,24,20,40,20,41,97.8,82.03999999999999,89.91999999999999,82,78,4,160,8,
Caxias2023Corinthians2023,Caxias2023Corinthians2023Final,2023-07-24,Final,2023,Caxias2023,Corinthians2023,74,73,9,29,20,44,7,18,78,71,9,29,19,42,13,21,83.92,78.24,81.08,74,78,-4,152,-8,
B.Cearense2023Flamengo2023,B.Cearense2023Flamengo2023Final,2023-07-24,Final,2023,B.Cearense2023,Flamengo2023,67,64,1,11,25,53,14,21,87,73,8,31,29,42,5,8,63.239999999999995,79.52,71.38,67,87,-20,154,-40,
Minas2023Mogi2023,Minas2023Mogi2023Final,2023-07-24,Final,2023,Minas2023,Mogi2023,71,64,5,23,24,41,8,14,58,60,7,26,15,34,7,12,68.16,72.28,70.22,71,58,13,129,26,
Pinheiros2023Praia Clube2023,Pinheiros2023Praia Clube2023Final,2023-07-24,Final,2023,Pinheiros2023,Praia Clube2023,77,70,9,30,19,40,12,16,50,72,3,28,18,44,5,9,78.04,75.96,77.0,77,50,27,127,54,
Pato Basquete2023R10 Score Vasco da Gama2023,Pato Basquete2023R10 Score Vasco da Gama2023Final,2023-07-24,Final,2023,Pato Basquete2023,R10 Score Vasco da Gama2023,77,65,3,25,26,40,16,23,52,67,4,22,17,45,6,11,68.12,78.84,73.48,77,52,25,129,50,
IVV/CETAF2023Rio Claro Basquete2023,IVV/CETAF2023Rio Claro Basquete2023Final,2023-07-24,Final,2023,IVV/CETAF2023,Rio Claro Basquete2023,70,61,3,22,20,39,21,29,65,60,3,19,20,41,16,27,73.76,80.88,77.32,70,65,5,135,10,
AABJ Joinville2023SESI Franca2023,AABJ Joinville2023SESI Franca2023Final,2023-07-24,Final,2023,AABJ Joinville2023,SESI Franca2023,64,58,7,27,13,31,17,24,86,67,9,21,18,46,23,35,81.56,80.4,80.98,64,86,-22,150,-44,
Cerrado2023São José Basketball2023,Cerrado2023São José Basketball2023Final,2023-07-24,Final,2023,Cerrado2023,São José Basketball2023,54,64,7,34,15,30,3,5,81,69,9,25,25,44,4,11,64.2,65.84,65.02000000000001,54,81,-27,135,-54,
São Paulo FC2023Thalia/PH.D Esportes2023,São Paulo FC2023Thalia/PH.D Esportes2023Final,2023-07-24,Final,2023,São Paulo FC2023,Thalia/PH.D Esportes2023,67,69,7,37,15,32,16,21,70,76,6,28,23,48,6,9,73.24,80.96,77.1,67,70,-3,137,-6,
Bauru Basket2023UNIFACISA2023,Bauru Basket2023UNIFACISA2023Final,2023-07-24,Final,2023,Bauru Basket2023,UNIFACISA2023,62,57,7,17,19,40,3,9,49,76,4,33,15,43,7,14,67.96000000000001,76.16,72.06,62,49,13,111,26,
Paulistano2023União Corinthians2023,Paulistano2023União Corinthians2023Final,2023-07-24,Final,2023,Paulistano2023,União Corinthians2023,110,75,17,41,21,34,17,21,37,50,2,12,14,38,3,9,81.24,59.96,70.6,110,37,73,147,146,
Botafogo2023Cerrado2023,Botafogo2023Cerrado2023Final,2023-07-25,Final,2023,Botafogo2023,Cerrado2023,99,78,8,30,30,48,15,23,45,64,8,39,8,25,5,6,75.12,70.64,72.88,99,45,54,144,108,
AABJ Joinville2023Corinthians2023,AABJ Joinville2023Corinthians2023Final,2023-07-25,Final,2023,AABJ Joinville2023,Corinthians2023,66,74,6,28,16,46,16,20,118,67,14,29,29,38,18,27,91.8,83.88,87.84,66,118,-52,184,-104,
Flamengo2023Minas2023,Flamengo2023Minas2023Final,2023-07-25,Final,2023,Flamengo2023,Minas2023,50,66,5,19,15,47,5,10,81,82,5,32,26,50,14,19,78.4,74.36,76.38,50,81,-31,131,-62,
Caixa Brasília Basquete2023Mogi2023,Caixa Brasília Basquete2023Mogi2023Final,2023-07-25,Final,2023,Caixa Brasília Basquete2023,Mogi2023,56,68,3,26,19,42,9,15,89,86,12,41,22,45,9,20,80.6,80.8,80.69999999999999,56,89,-33,145,-66,
B.Cearense2023Pinheiros2023,B.Cearense2023Pinheiros2023Final,2023-07-25,Final,2023,B.Cearense2023,Pinheiros2023,49,61,6,22,12,39,7,12,109,95,12,44,34,51,5,13,66.28,87.72,77.0,49,109,-60,158,-120,
Bauru Basket2023Praia Clube2023,Bauru Basket2023Praia Clube2023Final,2023-07-25,Final,2023,Bauru Basket2023,Praia Clube2023,63,61,8,31,13,30,13,15,72,67,9,30,16,37,13,17,66.6,69.48,68.03999999999999,63,72,-9,135,-18,
Pato Basquete2023Rio Claro Basquete2023,Pato Basquete2023Rio Claro Basquete2023Final,2023-07-25,Final,2023,Pato Basquete2023,Rio Claro Basquete2023,63,66,7,31,15,35,12,13,50,72,4,27,16,45,6,8,72.72,73.52,73.12,63,50,13,113,26,
IVV/CETAF2023SESI Franca2023,IVV/CETAF2023SESI Franca2023Final,2023-07-25,Final,2023,IVV/CETAF2023,SESI Franca2023,27,55,0,29,12,26,3,5,64,60,5,22,19,38,11,18,64.2,66.92,65.56,27,64,-37,91,-74,
Caxias2023São Paulo FC2023,Caxias2023São Paulo FC2023Final,2023-07-25,Final,2023,Caxias2023,São Paulo FC2023,82,71,8,35,21,36,16,21,54,64,4,21,15,43,12,20,83.24,73.8,78.52,82,54,28,136,56,
Paulistano2023Thalia/PH.D Esportes2023,Paulistano2023Thalia/PH.D Esportes2023Final,2023-07-25,Final,2023,Paulistano2023,Thalia/PH.D Esportes2023,72,68,8,29,20,39,8,13,58,51,3,16,18,35,13,14,79.72,64.16,71.94,72,58,14,130,28,
São José Basketball2023UNIFACISA2023,São José Basketball2023UNIFACISA2023Final,2023-07-25,Final,2023,São José Basketball2023,UNIFACISA2023,82,67,6,30,23,37,18,24,43,56,3,14,14,42,6,14,72.56,68.16,70.36,82,43,39,125,78,
R10 Score Vasco da Gama2023União Corinthians2023,R10 Score Vasco da Gama2023União Corinthians2023Final,2023-07-25,Final,2023,R10 Score Vasco da Gama2023,União Corinthians2023,76,65,6,20,21,45,16,25,64,64,5,20,22,44,5,10,77.0,68.4,72.7,76,64,12,140,24,
B.Cearense2023Bauru Basket2023,B.Cearense2023Bauru Basket2023Final,2023-07-26,Final,2023,B.Cearense2023,Bauru Basket2023,47,63,2,20,16,43,9,14,72,67,12,31,15,36,6,7,63.16,66.08,64.62,47,72,-25,119,-50,
Caixa Brasília Basquete2023Flamengo2023,Caixa Brasília Basquete2023Flamengo2023Final,2023-07-26,Final,2023,Caixa Brasília Basquete2023,Flamengo2023,56,60,2,22,20,38,10,17,80,78,8,31,25,47,6,11,75.48,82.84,79.16,56,80,-24,136,-48,
Corinthians2023IVV/CETAF2023,Corinthians2023IVV/CETAF2023Final,2023-07-26,Final,2023,Corinthians2023,IVV/CETAF2023,67,69,9,36,15,33,10,11,41,64,5,27,11,37,4,7,67.84,66.08,66.96000000000001,67,41,26,108,52,
Cerrado2023Mogi2023,Cerrado2023Mogi2023Final,2023-07-26,Final,2023,Cerrado2023,Mogi2023,60,61,8,36,15,25,6,13,71,66,10,31,14,35,13,24,73.72,75.56,74.64,60,71,-11,131,-22,
Caxias2023Paulistano2023,Caxias2023Paulistano2023Final,2023-07-26,Final,2023,Caxias2023,Paulistano2023,59,64,4,23,18,41,11,17,70,63,7,25,15,38,19,31,77.48,75.64,76.56,59,70,-11,129,-22,
Minas2023Pinheiros2023,Minas2023Pinheiros2023Final,2023-07-26,Final,2023,Minas2023,Pinheiros2023,45,62,4,30,12,32,9,16,63,78,6,28,21,50,3,6,69.04,78.64,73.84,45,63,-18,108,-36,
Pato Basquete2023SESI Franca2023,Pato Basquete2023SESI Franca2023Final,2023-07-26,Final,2023,Pato Basquete2023,SESI Franca2023,53,60,8,30,10,30,9,14,79,66,12,30,21,36,1,1,71.16,71.44,71.3,53,79,-26,132,-52,
Praia Clube2023São José Basketball2023,Praia Clube2023São José Basketball2023Final,2023-07-26,Final,2023,Praia Clube2023,São José Basketball2023,91,69,9,30,26,39,12,17,86,60,7,18,25,42,15,22,83.48,82.68,83.08000000000001,91,86,5,177,10,
AABJ Joinville2023São Paulo FC2023,AABJ Joinville2023São Paulo FC2023Final,2023-07-26,Final,2023,AABJ Joinville2023,São Paulo FC2023,74,64,5,25,22,39,15,19,81,73,12,34,18,39,9,16,89.36,85.04,87.2,74,81,-7,155,-7,
R10 Score Vasco da Gama2023Thalia/PH.D Esportes2023,R10 Score Vasco da Gama2023Thalia/PH.D Esportes2023Final,2023-07-26,Final,2023,R10 Score Vasco da Gama2023,Thalia/PH.D Esportes2023,76,70,9,28,18,42,13,19,55,61,3,19,18,42,10,16,79.36,74.04,76.7,76,55,21,131,42,
Botafogo2023UNIFACISA2023,Botafogo2023UNIFACISA2023Final,2023-07-26,Final,2023,Botafogo2023,UNIFACISA2023,72,67,4,21,22,46,16,26,90,73,6,20,26,53,20,38,92.44,85.72,89.08,72,90,-18,162,-36,
Rio Claro Basquete2023União Corinthians2023,Rio Claro Basquete2023União Corinthians2023Final,2023-07-26,Final,2023,Rio Claro Basquete2023,União Corinthians2023,99,70,13,32,26,38,8,11,83,71,10,25,23,46,7,11,83.84,77.84,80.84,99,83,16,182,32,
Paulistano2023SESI Franca2023,Paulistano2023SESI Franca2023Final,2023-08-29,Final,2023,Paulistano2023,SESI Franca2023,58,68,6,24,17,44,6,14,68,59,8,24,12,35,20,28,79.16,75.32,77.24,58,68,-10,126,-20,
Minas2023Paulistano2023,Minas2023Paulistano2023Final,2023-08-30,Final,2023,Minas2023,Paulistano2023,57,65,3,27,18,38,12,19,77,65,10,34,17,31,13,19,79.36,76.36,77.86,57,77,-20,134,-40,
Caxias2023Pinheiros2023,Caxias2023Pinheiros2023Final,2023-08-30,Final,2023,Caxias2023,Pinheiros2023,59,63,6,22,14,41,13,24,93,66,11,25,19,41,22,29,76.56,83.76,80.16,59,93,-34,152,-68,
Praia Clube2023SESI Franca2023,Praia Clube2023SESI Franca2023Final,2023-08-30,Final,2023,Praia Clube2023,SESI Franca2023,60,62,6,26,15,36,12,14,70,67,4,23,24,44,10,14,77.16,73.16,75.16,60,70,-10,130,-20,
Corinthians2023São José Basketball2023,Corinthians2023São José Basketball2023Final,2023-08-30,Final,2023,Corinthians2023,São José Basketball2023,78,79,2,21,29,58,14,23,66,66,1,16,24,50,15,21,84.12,89.24,86.68,78,66,12,144,24,
Corinthians2023Pinheiros2023,Corinthians2023Pinheiros2023Final,2023-08-31,Final,2023,Corinthians2023,Pinheiros2023,80,68,12,30,18,38,8,18,82,73,4,25,22,48,26,32,76.92,84.08,80.5,80,82,-2,162,-4,
Paulistano2023Praia Clube2023,Paulistano2023Praia Clube2023Final,2023-08-31,Final,2023,Paulistano2023,Praia Clube2023,83,68,15,37,13,31,12,16,54,61,7,24,11,37,11,21,75.04,72.24,73.64,83,54,29,137,58,
Minas2023SESI Franca2023,Minas2023SESI Franca2023Final,2023-08-31,Final,2023,Minas2023,SESI Franca2023,55,68,6,36,12,32,13,22,83,61,8,15,24,46,11,20,87.68,75.8,81.74000000000001,55,83,-28,138,-56,
Caxias2023São José Basketball2023,Caxias2023São José Basketball2023Final,2023-08-31,Final,2023,Caxias2023,São José Basketball2023,67,64,7,24,19,40,8,13,70,66,7,25,18,41,13,16,73.72,70.04,71.88,67,70,-3,137,-6,
Caxias2023Minas2023,Caxias2023Minas2023Final,2023-09-02,Final,2023,Caxias2023,Minas2023,58,64,3,27,17,37,15,25,61,61,6,27,16,34,11,20,81.0,82.8,81.9,58,61,-3,119,-6,
Pinheiros2023SESI Franca2023,Pinheiros2023SESI Franca2023Final,2023-09-02,Final,2023,Pinheiros2023,SESI Franca2023,67,85,7,30,18,55,10,14,70,62,9,29,15,33,13,19,88.16,80.36,84.25999999999999,67,70,-3,137,-6,
Caxias2023Praia Clube2023,Caxias2023Praia Clube2023Final,2023-09-03,Final,2023,Caxias2023,Praia Clube2023,69,64,6,24,21,40,9,13,65,63,6,24,15,39,17,23,73.72,73.12,73.42,69,65,4,134,8,
Campo Mourão2024Caxias2024,Campo Mourão2024Caxias2024Final,2024-06-20,Final,2024,Campo Mourão2024,Caxias2024,67,55,2,16,23,39,15,26,85,78,6,29,27,49,13,20,70.44,82.8,76.62,67,85,-18,152,-36,
ADRM2024Pato Basquete2024,ADRM2024Pato Basquete2024Final,2024-06-20,Final,2024,ADRM2024,Pato Basquete2024,54,64,8,30,13,34,4,10,63,51,7,27,11,24,20,32,83.4,67.08,75.24000000000001,54,63,-9,117,-18,
SESI Franca2024São José Basketball2024,SESI Franca2024São José Basketball2024Final,2024-06-20,Final,2024,SESI Franca2024,São José Basketball2024,65,65,4,19,18,46,17,25,56,65,5,24,14,41,13,21,82.0,79.24,80.62,65,56,9,121,18,
Corinthians2024São Paulo FC2024,Corinthians2024São Paulo FC2024Final,2024-06-20,Final,2024,Corinthians2024,São Paulo FC2024,91,76,11,40,23,36,12,16,59,82,4,37,17,45,13,18,78.04,85.92,81.98,91,59,32,150,64,
Flamengo2024União Corinthians2024,Flamengo2024União Corinthians2024Final,2024-06-20,Final,2024,Flamengo2024,União Corinthians2024,95,77,8,27,31,50,9,14,43,79,4,26,11,53,9,17,86.16,82.48,84.32,95,43,52,138,104,
Botafogo2024Vasco/Tijuca2024,Botafogo2024Vasco/Tijuca2024Final,2024-06-20,Final,2024,Botafogo2024,Vasco/Tijuca2024,61,58,4,22,19,36,11,22,54,54,8,31,8,23,14,24,74.68,70.56,72.62,61,54,7,115,14,
ADRM2024Caxias2024,ADRM2024Caxias2024Final,2024-06-21,Final,2024,ADRM2024,Caxias2024,47,60,5,21,14,39,4,11,90,66,10,28,24,38,12,21,72.84,74.24,73.53999999999999,47,90,-43,137,-86,
Campo Mourão2024Corinthians2024,Campo Mourão2024Corinthians2024Final,2024-06-21,Final,2024,Campo Mourão2024,Corinthians2024,64,65,9,16,16,49,5,10,84,84,8,36,20,48,20,26,80.4,85.44,82.92,64,84,-20,148,-40,
Flamengo2024SESI Franca2024,Flamengo2024SESI Franca2024Final,2024-06-21,Final,2024,Flamengo2024,SESI Franca2024,67,73,1,18,23,55,18,33,66,55,2,15,19,40,22,31,89.52,76.64,83.08,67,66,1,133,2,
São Paulo FC2024Thalia/PH.D Esportes2024,São Paulo FC2024Thalia/PH.D Esportes2024Final,2024-06-21,Final,2024,São Paulo FC2024,Thalia/PH.D Esportes2024,90,55,11,24,20,31,17,33,72,72,6,23,20,49,14,29,83.52,93.76,88.64,90,72,18,162,36,
Botafogo2024União Corinthians2024,Botafogo2024União Corinthians2024Final,2024-06-21,Final,2024,Botafogo2024,União Corinthians2024,82,53,7,19,19,34,23,27,66,53,5,16,19,37,13,19,72.88,76.36,74.62,82,66,16,148,32,
São José Basketball2024Vasco/Tijuca2024,São José Basketball2024Vasco/Tijuca2024Final,2024-06-21,Final,2024,São José Basketball2024,Vasco/Tijuca2024,83,61,12,30,16,31,15,25,45,64,4,28,12,36,9,15,73.0,82.6,77.8,83,45,38,128,76,
ADRM2024Corinthians2024,ADRM2024Corinthians2024Final,2024-06-22,Final,2024,ADRM2024,Corinthians2024,64,75,5,25,21,50,7,17,92,73,7,26,28,47,15,24,88.48,87.56,88.02000000000001,64,92,-28,156,-56,
Botafogo2024Flamengo2024,Botafogo2024Flamengo2024Final,2024-06-22,Final,2024,Botafogo2024,Flamengo2024,73,67,6,26,18,41,19,25,84,58,4,17,23,41,26,41,91.0,89.03999999999999,90.02,73,84,-11,157,-22,
Caxias2024São Paulo FC2024,Caxias2024São Paulo FC2024Final,2024-06-22,Final,2024,Caxias2024,São Paulo FC2024,82,68,7,25,22,43,17,27,83,62,7,20,22,42,18,28,93.88,86.32,90.1,82,83,-1,165,-2,
Pato Basquete2024Thalia/PH.D Esportes2024,Pato Basquete2024Thalia/PH.D Esportes2024Final,2024-06-22,Final,2024,Pato Basquete2024,Thalia/PH.D Esportes2024,37,56,4,24,9,32,7,13,44,69,5,33,9,36,11,19,69.72,77.36,73.53999999999999,37,44,-7,81,-14,
São José Basketball2024União Corinthians2024,São José Basketball2024União Corinthians2024Final,2024-06-22,Final,2024,São José Basketball2024,União Corinthians2024,107,70,12,33,19,37,33,47,50,61,5,20,14,41,7,13,91.68,97.72,94.7,107,50,57,157,114,
SESI Franca2024Vasco/Tijuca2024,SESI Franca2024Vasco/Tijuca2024Final,2024-06-22,Final,2024,SESI Franca2024,Vasco/Tijuca2024,76,59,9,25,17,34,15,23,70,59,6,23,17,36,18,25,72.12,81.0,76.56,76,70,6,146,12,
Caxias2024Corinthians2024,Caxias2024Corinthians2024Final,2024-06-23,Final,2024,Caxias2024,Corinthians2024,76,66,4,20,29,46,6,12,85,69,8,28,23,41,15,21,78.28,80.24,79.25999999999999,76,85,-9,161,-18,
Campo Mourão2024Pato Basquete2024,Campo Mourão2024Pato Basquete2024Final,2024-06-23,Final,2024,Campo Mourão2024,Pato Basquete2024,58,66,5,26,16,40,11,18,70,57,14,35,8,22,12,16,66.92,74.04,70.48,58,70,-12,128,-24,
ADRM2024Thalia/PH.D Esportes2024,ADRM2024Thalia/PH.D Esportes2024Final,2024-06-23,Final,2024,ADRM2024,Thalia/PH.D Esportes2024,68,65,5,32,17,33,19,23,99,75,8,25,28,50,19,32,84.12,89.08,86.6,68,99,-31,167,-62,
LDPG2024Mogi2024,LDPG2024Mogi2024Final,2024-06-24,Final,2024,LDPG2024,Mogi2024,71,59,8,22,17,37,13,21,78,74,6,37,19,37,22,28,86.24,89.32,87.78,71,78,-7,149,-14,
IVV/CETAF2024Paulistano2024,IVV/CETAF2024Paulistano2024Final,2024-06-24,Final,2024,IVV/CETAF2024,Paulistano2024,49,59,7,25,12,34,4,13,73,66,12,36,15,30,7,14,62.72,80.16,71.44,49,73,-24,122,-48,
Cruzeiro2024Pinheiros2024,Cruzeiro2024Pinheiros2024Final,2024-06-24,Final,2024,Cruzeiro2024,Pinheiros2024,73,70,7,33,18,37,16,25,96,73,10,36,24,37,18,25,87.0,87.0,87.0,73,96,-23,169,-46,
Botafogo2024SESI Franca2024,Botafogo2024SESI Franca2024Final,2024-06-24,Final,2024,Botafogo2024,SESI Franca2024,73,67,10,26,16,41,11,17,80,50,8,17,17,33,22,30,81.48,76.2,78.84,73,80,-7,153,-14,
Flamengo2024São José Basketball2024,Flamengo2024São José Basketball2024Final,2024-06-24,Final,2024,Flamengo2024,São José Basketball2024,80,68,10,27,21,41,8,16,79,58,9,24,18,34,16,24,79.04,73.56,76.30000000000001,80,79,1,159,2,
União Corinthians2024Vasco/Tijuca2024,União Corinthians2024Vasco/Tijuca2024Final,2024-06-24,Final,2024,União Corinthians2024,Vasco/Tijuca2024,54,59,6,23,14,36,8,22,76,59,14,33,9,26,16,28,80.68,80.32,80.5,54,76,-22,130,-44,
B.Cearense2024Caixa Brasília Basquete2024,B.Cearense2024Caixa Brasília Basquete2024Final,2024-06-25,Final,2024,B.Cearense2024,Caixa Brasília Basquete2024,56,65,5,33,15,32,11,20,95,67,13,31,19,36,18,31,85.8,84.64,85.22,56,95,-39,151,-78,
Cerrado2024Minas2024,Cerrado2024Minas2024Final,2024-06-25,Final,2024,Cerrado2024,Minas2024,79,68,8,27,22,41,11,22,89,73,11,37,19,36,18,26,84.68,82.44,83.56,79,89,-10,168,-20,
Cruzeiro2024Mogi2024,Cruzeiro2024Mogi2024Final,2024-06-25,Final,2024,Cruzeiro2024,Mogi2024,79,56,8,20,18,36,19,26,88,61,10,28,17,33,24,33,87.44,85.52,86.47999999999999,79,88,-9,167,-18,
Caxias2024Pato Basquete2024,Caxias2024Pato Basquete2024Final,2024-06-25,Final,2024,Caxias2024,Pato Basquete2024,93,80,9,38,22,42,22,35,92,77,4,24,30,53,20,24,99.4,93.56,96.48,93,92,1,185,1,
LDPG2024Paulistano2024,LDPG2024Paulistano2024Final,2024-06-25,Final,2024,LDPG2024,Paulistano2024,70,63,5,20,22,43,11,21,82,61,12,30,16,31,14,17,78.24,77.48,77.86,70,82,-12,152,-24,
IVV/CETAF2024Pinheiros2024,IVV/CETAF2024Pinheiros2024Final,2024-06-25,Final,2024,IVV/CETAF2024,Pinheiros2024,43,60,4,27,12,33,7,10,82,71,12,36,16,35,14,20,71.4,82.8,77.1,43,82,-39,125,-78,
Botafogo2024São José Basketball2024,Botafogo2024São José Basketball2024Final,2024-06-25,Final,2024,Botafogo2024,São José Basketball2024,72,57,5,20,20,37,17,24,70,52,9,25,14,27,15,22,78.56,72.68,75.62,72,70,2,142,4,
ADRM2024São Paulo FC2024,ADRM2024São Paulo FC2024Final,2024-06-25,Final,2024,ADRM2024,São Paulo FC2024,65,67,7,24,15,43,14,25,104,77,11,36,20,41,31,42,91.0,88.48,89.74000000000001,65,104,-39,169,-78,
Campo Mourão2024Thalia/PH.D Esportes2024,Campo Mourão2024Thalia/PH.D Esportes2024Final,2024-06-25,Final,2024,Campo Mourão2024,Thalia/PH.D Esportes2024,65,65,6,21,16,44,15,34,82,69,12,30,17,39,12,15,69.96000000000001,85.6,77.78,65,82,-17,147,-34,
Bauru Basket2024UNIFACISA2024,Bauru Basket2024UNIFACISA2024Final,2024-06-25,Final,2024,Bauru Basket2024,UNIFACISA2024,89,70,11,33,22,37,12,13,40,44,3,22,7,22,17,32,89.72,70.08,79.9,89,40,49,129,98,
SESI Franca2024União Corinthians2024,SESI Franca2024União Corinthians2024Final,2024-06-25,Final,2024,SESI Franca2024,União Corinthians2024,59,54,0,14,22,40,15,21,50,65,0,23,18,42,14,23,73.24000000000001,76.12,74.68,59,50,9,109,18,
Flamengo2024Vasco/Tijuca2024,Flamengo2024Vasco/Tijuca2024Final,2024-06-25,Final,2024,Flamengo2024,Vasco/Tijuca2024,71,65,7,31,18,34,14,19,65,59,6,22,13,37,21,26,79.36,75.44,77.4,71,65,6,136,12,
B.Cearense2024Bauru Basket2024,B.Cearense2024Bauru Basket2024Final,2024-06-26,Final,2024,B.Cearense2024,Bauru Basket2024,34,56,4,26,10,30,2,2,62,72,4,29,17,43,16,20,67.88,67.8,67.84,34,62,-28,96,-56,
AEGB2024Caixa Brasília Basquete2024,AEGB2024Caixa Brasília Basquete2024Final,2024-06-26,Final,2024,AEGB2024,Caixa Brasília Basquete2024,45,64,6,24,11,40,5,12,84,77,7,33,24,44,15,22,77.28,81.68,79.48,45,84,-39,129,-78,
ADRM2024Campo Mourão2024,ADRM2024Campo Mourão2024Final,2024-06-26,Final,2024,ADRM2024,Campo Mourão2024,63,71,6,25,16,46,13,17,85,74,6,20,24,54,19,29,84.48,85.76,85.12,63,85,-22,148,-44,
Cruzeiro2024IVV/CETAF2024,Cruzeiro2024IVV/CETAF2024Final,2024-06-26,Final,2024,Cruzeiro2024,IVV/CETAF2024,82,68,10,30,16,38,20,25,46,57,1,16,14,41,15,25,88.0,79.0,83.5,82,46,36,128,72,
Mogi2024Paulistano2024,Mogi2024Paulistano2024Final,2024-06-26,Final,2024,Mogi2024,Paulistano2024,47,53,1,13,17,40,10,15,61,57,7,25,17,32,6,16,65.6,76.04,70.82,47,61,-14,108,-28,
LDPG2024Pinheiros2024,LDPG2024Pinheiros2024Final,2024-06-26,Final,2024,LDPG2024,Pinheiros2024,70,67,6,20,21,47,10,16,79,79,3,25,29,54,12,16,80.04,82.04,81.04,70,79,-9,149,-18,
Pato Basquete2024São Paulo FC2024,Pato Basquete2024São Paulo FC2024Final,2024-06-26,Final,2024,Pato Basquete2024,São Paulo FC2024,86,62,13,29,15,33,17,19,77,65,8,22,23,43,7,15,78.36,80.6,79.47999999999999,86,77,9,163,18,
Corinthians2024Thalia/PH.D Esportes2024,Corinthians2024Thalia/PH.D Esportes2024Final,2024-06-26,Final,2024,Corinthians2024,Thalia/PH.D Esportes2024,88,63,11,33,20,30,15,21,76,76,7,25,23,51,9,17,78.24,93.48,85.86,88,76,12,164,24,
Minas2024UNIFACISA2024,Minas2024UNIFACISA2024Final,2024-06-26,Final,2024,Minas2024,UNIFACISA2024,90,76,11,38,24,38,9,14,48,71,5,25,14,46,5,9,86.16,74.96,80.56,90,48,42,138,84,
AEGB2024Bauru Basket2024,AEGB2024Bauru Basket2024Final,2024-06-27,Final,2024,AEGB2024,Bauru Basket2024,40,56,4,16,10,40,8,15,76,74,5,27,22,47,17,26,69.6,77.44,73.52,40,76,-36,116,-72,
B.Cearense2024Minas2024,B.Cearense2024Minas2024Final,2024-06-27,Final,2024,B.Cearense2024,Minas2024,40,68,4,30,10,38,8,14,97,87,9,33,28,54,14,28,79.16,87.32,83.24,40,97,-57,137,-114,
Corinthians2024Pato Basquete2024,Corinthians2024Pato Basquete2024Final,2024-06-27,Final,2024,Corinthians2024,Pato Basquete2024,115,71,15,25,32,46,6,8,52,65,7,30,13,35,5,7,72.52,74.08,73.3,115,52,63,167,126,
Caxias2024Thalia/PH.D Esportes2024,Caxias2024Thalia/PH.D Esportes2024Final,2024-06-27,Final,2024,Caxias2024,Thalia/PH.D Esportes2024,84,75,14,37,16,38,10,18,64,63,6,24,19,39,8,14,71.92,78.16,75.03999999999999,84,64,20,148,40,
Cerrado2024UNIFACISA2024,Cerrado2024UNIFACISA2024Final,2024-06-27,Final,2024,Cerrado2024,UNIFACISA2024,87,73,7,26,25,47,16,25,53,65,5,23,17,42,4,9,76.0,74.96,75.47999999999999,87,53,34,140,68,
Bauru Basket2024Caixa Brasília Basquete2024,Bauru Basket2024Caixa Brasília Basquete2024Final,2024-06-28,Final,2024,Bauru Basket2024,Caixa Brasília Basquete2024,70,55,10,25,12,30,16,22,64,69,3,21,25,48,5,13,75.68,80.72,78.2,70,64,6,134,12,
B.Cearense2024Cerrado2024,B.Cearense2024Cerrado2024Final,2024-06-28,Final,2024,B.Cearense2024,Cerrado2024,57,61,6,27,17,34,5,6,88,69,8,22,28,47,8,12,69.64,66.28,67.96000000000001,57,88,-31,145,-62,
Cruzeiro2024LDPG2024,Cruzeiro2024LDPG2024Final,2024-06-28,Final,2024,Cruzeiro2024,LDPG2024,86,77,8,26,23,51,16,17,74,56,6,20,19,36,18,26,85.48,76.44,80.96000000000001,86,74,12,160,24,
AEGB2024Minas2024,AEGB2024Minas2024Final,2024-06-28,Final,2024,AEGB2024,Minas2024,44,73,4,26,14,47,4,8,128,82,16,40,30,42,20,24,88.52,86.56,87.53999999999999,44,128,-84,172,-168,
IVV/CETAF2024Mogi2024,IVV/CETAF2024Mogi2024Final,2024-06-28,Final,2024,IVV/CETAF2024,Mogi2024,57,53,1,16,19,37,16,27,73,61,11,31,17,30,6,9,67.88,72.96,70.41999999999999,57,73,-16,130,-32,
Paulistano2024Pinheiros2024,Paulistano2024Pinheiros2024Final,2024-06-28,Final,2024,Paulistano2024,Pinheiros2024,92,64,13,32,18,32,17,23,98,84,12,31,24,53,14,20,89.12,95.8,92.46000000000001,92,98,-6,190,-12,
IVV/CETAF2024LDPG2024,IVV/CETAF2024LDPG2024Final,2024-06-29,Final,2024,IVV/CETAF2024,LDPG2024,56,66,4,23,15,43,14,25,52,54,5,26,14,28,9,12,81.0,74.28,77.64,56,52,4,108,8,
Cruzeiro2024Paulistano2024,Cruzeiro2024Paulistano2024Final,2024-06-29,Final,2024,Cruzeiro2024,Paulistano2024,51,69,6,23,11,46,11,17,54,61,5,26,10,35,19,21,81.48,74.24,77.86,51,54,-3,105,-6,
Mogi2024Pinheiros2024,Mogi2024Pinheiros2024Final,2024-06-29,Final,2024,Mogi2024,Pinheiros2024,62,61,7,31,17,30,7,18,79,58,9,25,14,33,24,29,73.92,77.76,75.84,62,79,-17,141,-34,
AEGB2024Cerrado2024,AEGB2024Cerrado2024Final,2024-06-30,Final,2024,AEGB2024,Cerrado2024,46,62,5,24,13,38,5,12,77,82,10,35,22,47,3,7,73.28,79.08,76.18,46,77,-31,123,-62,
Caixa Brasília Basquete2024Minas2024,Caixa Brasília Basquete2024Minas2024Final,2024-06-30,Final,2024,Caixa Brasília Basquete2024,Minas2024,67,79,9,34,16,45,8,9,81,67,7,26,24,41,12,16,85.96,74.04,80.0,67,81,-14,148,-28,
B.Cearense2024UNIFACISA2024,B.Cearense2024UNIFACISA2024Final,2024-06-30,Final,2024,B.Cearense2024,UNIFACISA2024,64,74,5,31,22,43,5,8,86,73,7,20,26,53,13,23,87.52,72.12,79.82,64,86,-22,150,-44,
Caixa Brasília Basquete2024Cerrado2024,Caixa Brasília Basquete2024Cerrado2024Final,2024-07-01,Final,2024,Caixa Brasília Basquete2024,Cerrado2024,66,65,5,33,16,32,19,28,68,77,5,28,20,49,13,23,92.32,85.12,88.72,66,68,-2,134,-4,
Bauru Basket2024Minas2024,Bauru Basket2024Minas2024Final,2024-07-01,Final,2024,Bauru Basket2024,Minas2024,44,59,3,21,13,38,9,13,54,55,8,31,8,24,14,18,74.72,67.92,71.32,44,54,-10,98,-20,
AEGB2024UNIFACISA2024,AEGB2024UNIFACISA2024Final,2024-07-01,Final,2024,AEGB2024,UNIFACISA2024,63,67,7,20,18,47,6,11,75,54,6,22,16,32,25,46,93.84,81.24,87.53999999999999,63,75,-12,138,-24,
AEGB2024B.Cearense2024,AEGB2024B.Cearense2024Final,2024-07-02,Final,2024,AEGB2024,B.Cearense2024,53,65,7,20,14,45,4,8,79,72,6,28,22,44,17,28,76.52,75.32,75.91999999999999,53,79,-26,132,-52,
Bauru Basket2024Cerrado2024,Bauru Basket2024Cerrado2024Final,2024-07-02,Final,2024,Bauru Basket2024,Cerrado2024,99,79,13,31,24,48,12,17,101,82,9,35,27,47,20,25,89.48,94.0,91.74000000000001,99,101,-2,200,-2,
Caixa Brasília Basquete2024UNIFACISA2024,Caixa Brasília Basquete2024UNIFACISA2024Final,2024-07-02,Final,2024,Caixa Brasília Basquete2024,UNIFACISA2024,67,66,8,29,18,37,7,10,40,60,3,23,11,37,9,22,74.4,76.68,75.54,67,40,27,107,54,
ADRM2024Flamengo2024,ADRM2024Flamengo2024Final,2024-07-12,Final,2024,ADRM2024,Flamengo2024,56,65,3,24,19,41,9,16,86,86,8,30,23,56,16,27,81.04,78.88,79.96000000000001,56,86,-30,142,-60,
Campo Mourão2024SESI Franca2024,Campo Mourão2024SESI Franca2024Final,2024-07-12,Final,2024,Campo Mourão2024,SESI Franca2024,51,62,5,23,17,39,2,8,57,62,1,18,17,44,20,26,73.52,69.44,71.47999999999999,51,57,-6,108,-12,
Caxias2024São José Basketball2024,Caxias2024São José Basketball2024Final,2024-07-12,Final,2024,Caxias2024,São José Basketball2024,71,66,2,25,24,41,17,26,80,60,7,20,18,40,23,34,94.44,82.96000000000001,88.7,71,80,-9,151,-18,
Botafogo2024Thalia/PH.D Esportes2024,Botafogo2024Thalia/PH.D Esportes2024Final,2024-07-12,Final,2024,Botafogo2024,Thalia/PH.D Esportes2024,76,54,6,20,19,34,20,26,67,71,4,25,22,46,11,24,81.44,87.56,84.5,76,67,9,143,18,
Pato Basquete2024União Corinthians2024,Pato Basquete2024União Corinthians2024Final,2024-07-12,Final,2024,Pato Basquete2024,União Corinthians2024,72,53,9,20,18,33,9,18,75,74,4,24,28,50,7,17,74.92,83.48,79.2,72,75,-3,147,-6,
São Paulo FC2024Vasco/Tijuca2024,São Paulo FC2024Vasco/Tijuca2024Final,2024-07-12,Final,2024,São Paulo FC2024,Vasco/Tijuca2024,71,68,9,36,17,32,10,17,51,75,4,29,14,46,11,15,77.48,73.6,75.53999999999999,71,51,20,122,40,
Botafogo2024Caxias2024,Botafogo2024Caxias2024Final,2024-07-13,Final,2024,Botafogo2024,Caxias2024,83,74,4,21,29,53,13,20,90,53,13,23,18,30,15,26,85.8,75.44,80.62,83,90,-7,173,-14,
Campo Mourão2024Flamengo2024,Campo Mourão2024Flamengo2024Final,2024-07-13,Final,2024,Campo Mourão2024,Flamengo2024,59,60,3,13,20,47,10,24,84,70,5,25,25,45,19,29,77.56,85.76,81.66,59,84,-25,143,-50,
São José Basketball2024São Paulo FC2024,São José Basketball2024São Paulo FC2024Final,2024-07-13,Final,2024,São José Basketball2024,São Paulo FC2024,92,70,10,30,22,40,18,23,77,61,10,25,11,36,25,35,87.12,84.4,85.76,92,77,15,169,30,
SESI Franca2024Thalia/PH.D Esportes2024,SESI Franca2024Thalia/PH.D Esportes2024Final,2024-07-13,Final,2024,SESI Franca2024,Thalia/PH.D Esportes2024,75,62,7,24,21,38,12,15,48,63,7,28,11,35,5,12,72.6,75.28,73.94,75,48,27,123,54,
Corinthians2024União Corinthians2024,Corinthians2024União Corinthians2024Final,2024-07-13,Final,2024,Corinthians2024,União Corinthians2024,84,78,7,35,23,43,17,22,54,70,4,22,17,48,8,15,75.68,77.6,76.64,84,54,30,138,60,
Pato Basquete2024Vasco/Tijuca2024,Pato Basquete2024Vasco/Tijuca2024Final,2024-07-13,Final,2024,Pato Basquete2024,Vasco/Tijuca2024,52,47,4,18,14,29,12,15,64,65,5,23,19,42,11,18,61.6,70.92,66.26,52,64,-12,116,-24,
Bauru Basket2024Cruzeiro2024,Bauru Basket2024Cruzeiro2024Final,2024-07-14,Final,2024,Bauru Basket2024,Cruzeiro2024,52,59,8,30,11,29,6,7,58,57,3,19,15,38,19,26,74.08,61.44,67.75999999999999,52,58,-6,110,-12,
Cerrado2024IVV/CETAF2024,Cerrado2024IVV/CETAF2024Final,2024-07-14,Final,2024,Cerrado2024,IVV/CETAF2024,55,72,5,29,14,43,12,21,68,48,5,18,15,30,23,28,83.24,70.32,76.78,55,68,-13,123,-26,
AEGB2024LDPG2024,AEGB2024LDPG2024Final,2024-07-14,Final,2024,AEGB2024,LDPG2024,50,63,5,23,10,40,15,25,85,65,6,29,28,36,11,22,84.0,82.68,83.34,50,85,-35,135,-70,
B.Cearense2024Mogi2024,B.Cearense2024Mogi2024Final,2024-07-14,Final,2024,B.Cearense2024,Mogi2024,43,57,3,27,13,30,8,8,98,83,12,36,27,47,8,14,70.52000000000001,78.16,74.34,43,98,-55,141,-110,
Caixa Brasília Basquete2024Pinheiros2024,Caixa Brasília Basquete2024Pinheiros2024Final,2024-07-14,Final,2024,Caixa Brasília Basquete2024,Pinheiros2024,66,65,12,41,10,24,10,14,97,72,7,28,25,44,26,35,86.16,83.4,84.78,66,97,-31,163,-62,
Caxias2024SESI Franca2024,Caxias2024SESI Franca2024Final,2024-07-14,Final,2024,Caxias2024,SESI Franca2024,69,66,9,21,16,45,10,17,63,63,8,22,17,41,5,6,67.48,72.64,70.06,69,63,6,132,12,
Pato Basquete2024São José Basketball2024,Pato Basquete2024São José Basketball2024Final,2024-07-14,Final,2024,Pato Basquete2024,São José Basketball2024,47,66,2,22,18,44,5,9,87,76,9,25,26,51,8,12,74.96,78.28,76.62,47,87,-40,134,-80,
Botafogo2024São Paulo FC2024,Botafogo2024São Paulo FC2024Final,2024-07-14,Final,2024,Botafogo2024,São Paulo FC2024,89,62,10,27,22,35,15,23,86,57,6,17,20,40,28,34,94.12,85.96000000000001,90.04,89,86,3,175,6,
Flamengo2024Thalia/PH.D Esportes2024,Flamengo2024Thalia/PH.D Esportes2024Final,2024-07-14,Final,2024,Flamengo2024,Thalia/PH.D Esportes2024,91,72,9,28,30,44,4,8,75,80,9,39,21,41,6,13,79.52,90.72,85.12,91,75,16,166,32,
Paulistano2024UNIFACISA2024,Paulistano2024UNIFACISA2024Final,2024-07-14,Final,2024,Paulistano2024,UNIFACISA2024,112,82,12,33,31,49,14,19,48,49,4,22,13,27,10,12,86.36,61.28,73.82,112,48,64,160,128,
ADRM2024União Corinthians2024,ADRM2024União Corinthians2024Final,2024-07-14,Final,2024,ADRM2024,União Corinthians2024,55,66,3,22,20,44,6,20,86,77,7,30,26,47,13,17,74.8,76.48,75.64,55,86,-31,141,-62,
Corinthians2024Vasco/Tijuca2024,Corinthians2024Vasco/Tijuca2024Final,2024-07-14,Final,2024,Corinthians2024,Vasco/Tijuca2024,89,66,15,34,12,32,20,26,47,74,5,31,14,43,4,8,74.44,77.52,75.97999999999999,89,47,42,136,84,
Cerrado2024Cruzeiro2024,Cerrado2024Cruzeiro2024Final,2024-07-15,Final,2024,Cerrado2024,Cruzeiro2024,48,71,6,33,12,38,6,10,91,72,10,25,23,47,15,24,74.4,76.56,75.48,48,91,-43,139,-86,
Caxias2024Flamengo2024,Caxias2024Flamengo2024Final,2024-07-15,Final,2024,Caxias2024,Flamengo2024,66,68,4,25,23,43,8,18,74,69,9,24,18,45,11,28,80.92,77.32,79.12,66,74,-8,140,-16,
AEGB2024IVV/CETAF2024,AEGB2024IVV/CETAF2024Final,2024-07-15,Final,2024,AEGB2024,IVV/CETAF2024,62,63,7,23,16,40,9,15,89,66,3,18,31,48,18,25,79.6,87.0,83.3,62,89,-27,151,-54,
LDPG2024Minas2024,LDPG2024Minas2024Final,2024-07-15,Final,2024,LDPG2024,Minas2024,61,67,5,26,14,41,18,26,66,79,5,32,19,47,13,18,81.44,82.92,82.18,61,66,-5,127,-10,
Bauru Basket2024Mogi2024,Bauru Basket2024Mogi2024Final,2024-07-15,Final,2024,Bauru Basket2024,Mogi2024,58,61,6,29,12,32,16,22,77,59,7,21,23,38,10,14,72.68,73.16,72.92,58,77,-19,135,-38,
Botafogo2024Pato Basquete2024,Botafogo2024Pato Basquete2024Final,2024-07-15,Final,2024,Botafogo2024,Pato Basquete2024,59,65,3,11,21,54,8,12,57,52,3,15,20,37,8,17,77.28,65.48,71.38,59,57,2,116,4,
Caixa Brasília Basquete2024Paulistano2024,Caixa Brasília Basquete2024Paulistano2024Final,2024-07-15,Final,2024,Caixa Brasília Basquete2024,Paulistano2024,28,64,2,28,8,36,6,8,86,59,8,19,22,40,18,26,76.52,71.44,73.97999999999999,28,86,-58,114,-116,
B.Cearense2024Pinheiros2024,B.Cearense2024Pinheiros2024Final,2024-07-15,Final,2024,B.Cearense2024,Pinheiros2024,47,68,6,41,8,27,13,18,99,64,8,20,30,44,15,20,76.92,74.8,75.86,47,99,-52,146,-104,
Corinthians2024São José Basketball2024,Corinthians2024São José Basketball2024Final,2024-07-15,Final,2024,Corinthians2024,São José Basketball2024,82,72,11,34,21,38,7,15,78,68,8,20,22,48,10,16,83.6,76.04,79.82,82,78,4,160,8,
SESI Franca2024São Paulo FC2024,SESI Franca2024São Paulo FC2024Final,2024-07-15,Final,2024,SESI Franca2024,São Paulo FC2024,90,58,9,19,22,39,19,21,81,63,14,32,13,31,13,17,77.24,78.48,77.86,90,81,9,171,18,
Campo Mourão2024União Corinthians2024,Campo Mourão2024União Corinthians2024Final,2024-07-15,Final,2024,Campo Mourão2024,União Corinthians2024,84,63,12,29,17,34,14,26,55,65,5,22,18,43,4,9,66.44,74.96,70.69999999999999,84,55,29,139,58,
ADRM2024Vasco/Tijuca2024,ADRM2024Vasco/Tijuca2024Final,2024-07-15,Final,2024,ADRM2024,Vasco/Tijuca2024,41,59,4,21,13,38,3,9,80,74,8,36,18,38,20,29,71.96000000000001,78.76,75.36000000000001,41,80,-39,121,-78,
AEGB2024Cruzeiro2024,AEGB2024Cruzeiro2024Final,2024-07-16,Final,2024,AEGB2024,Cruzeiro2024,32,67,3,28,8,39,7,11,123,83,9,28,38,55,20,31,83.84,84.64,84.24000000000001,32,123,-91,155,-182,
IVV/CETAF2024Minas2024,IVV/CETAF2024Minas2024Final,2024-07-16,Final,2024,IVV/CETAF2024,Minas2024,73,64,4,23,25,41,11,16,89,63,8,28,22,35,21,26,80.04,78.44,79.24000000000001,73,89,-16,162,-16,
Cerrado2024Mogi2024,Cerrado2024Mogi2024Final,2024-07-16,Final,2024,Cerrado2024,Mogi2024,64,65,3,23,21,42,13,17,83,74,12,40,16,34,15,20,75.48,78.8,77.14,64,83,-19,147,-38,
B.Cearense2024Paulistano2024,B.Cearense2024Paulistano2024Final,2024-07-16,Final,2024,B.Cearense2024,Paulistano2024,39,56,4,28,10,28,7,10,79,68,10,37,18,31,13,19,63.4,77.36,70.38,39,79,-40,118,-80,
Bauru Basket2024Pinheiros2024,Bauru Basket2024Pinheiros2024Final,2024-07-16,Final,2024,Bauru Basket2024,Pinheiros2024,43,61,2,29,14,32,9,13,78,68,8,34,20,34,14,16,70.72,78.04,74.38,43,78,-35,121,-70,
LDPG2024UNIFACISA2024,LDPG2024UNIFACISA2024Final,2024-07-16,Final,2024,LDPG2024,UNIFACISA2024,107,73,6,21,35,52,19,27,60,74,4,28,16,46,16,21,91.88,91.24,91.56,107,60,47,167,94,
Botafogo2024Corinthians2024,Botafogo2024Corinthians2024Final,2024-07-17,Final,2024,Botafogo2024,Corinthians2024,90,71,14,26,19,45,10,20,93,63,9,22,22,41,22,26,87.8,79.44,83.62,90,93,-3,183,-6,
Caixa Brasília Basquete2024LDPG2024,Caixa Brasília Basquete2024LDPG2024Final,2024-07-17,Final,2024,Caixa Brasília Basquete2024,LDPG2024,80,75,12,39,15,36,14,20,73,64,6,27,19,37,17,28,89.8,77.32,83.56,80,73,7,153,14,
Cruzeiro2024Minas2024,Cruzeiro2024Minas2024Final,2024-07-17,Final,2024,Cruzeiro2024,Minas2024,77,69,7,25,21,44,14,23,64,63,8,38,12,25,16,21,88.12,79.24,83.68,77,64,13,141,26,
AEGB2024Mogi2024,AEGB2024Mogi2024Final,2024-07-17,Final,2024,AEGB2024,Mogi2024,63,61,3,14,18,47,18,24,112,81,13,34,28,47,17,24,78.56,88.56,83.56,63,112,-49,175,-98,
Bauru Basket2024Paulistano2024,Bauru Basket2024Paulistano2024Final,2024-07-17,Final,2024,Bauru Basket2024,Paulistano2024,50,68,9,35,11,33,1,2,82,55,14,34,14,21,12,14,63.879999999999995,56.16,60.019999999999996,50,82,-32,132,-64,
Cerrado2024Pinheiros2024,Cerrado2024Pinheiros2024Final,2024-07-17,Final,2024,Cerrado2024,Pinheiros2024,63,62,5,24,21,38,6,12,93,82,7,23,30,59,12,19,77.28,80.36,78.82,63,93,-30,156,-60,
Pato Basquete2024SESI Franca2024,Pato Basquete2024SESI Franca2024Final,2024-07-17,Final,2024,Pato Basquete2024,SESI Franca2024,51,60,8,31,12,29,3,6,92,73,8,15,33,58,2,4,59.64,68.76,64.2,51,92,-41,143,-82,
ADRM2024São José Basketball2024,ADRM2024São José Basketball2024Final,2024-07-17,Final,2024,ADRM2024,São José Basketball2024,62,57,9,32,12,25,11,17,125,75,18,35,27,40,17,24,77.48,81.56,79.52000000000001,62,125,-63,187,-126,
Flamengo2024São Paulo FC2024,Flamengo2024São Paulo FC2024Final,2024-07-17,Final,2024,Flamengo2024,São Paulo FC2024,100,88,7,28,30,60,19,37,94,78,7,32,25,46,23,31,104.28,104.64,104.46000000000001,100,94,6,194,6,
IVV/CETAF2024UNIFACISA2024,IVV/CETAF2024UNIFACISA2024Final,2024-07-17,Final,2024,IVV/CETAF2024,UNIFACISA2024,72,71,7,28,21,43,9,17,44,50,5,17,9,33,11,22,83.48,60.68,72.08,72,44,28,116,56,
Thalia/PH.D Esportes2024União Corinthians2024,Thalia/PH.D Esportes2024União Corinthians2024Final,2024-07-17,Final,2024,Thalia/PH.D Esportes2024,União Corinthians2024,80,80,7,31,26,49,7,15,56,63,7,33,11,30,13,19,83.6,75.36,79.47999999999999,80,56,24,136,48,
Campo Mourão2024Vasco/Tijuca2024,Campo Mourão2024Vasco/Tijuca2024Final,2024-07-17,Final,2024,Campo Mourão2024,Vasco/Tijuca2024,59,57,4,24,17,33,13,20,89,71,8,25,28,46,9,15,67.8,79.6,73.69999999999999,59,89,-30,148,-60,
ADRM2024Botafogo2024,ADRM2024Botafogo2024Final,2024-07-18,Final,2024,ADRM2024,Botafogo2024,64,71,4,24,23,47,6,8,74,55,4,21,23,34,16,22,72.52,70.68,71.6,64,74,-10,138,-20,
Flamengo2024Pato Basquete2024,Flamengo2024Pato Basquete2024Final,2024-07-18,Final,2024,Flamengo2024,Pato Basquete2024,89,84,4,21,33,63,11,17,67,63,5,22,22,41,8,12,76.48,81.28,78.88,89,67,22,156,44,
Corinthians2024SESI Franca2024,Corinthians2024SESI Franca2024Final,2024-07-18,Final,2024,Corinthians2024,SESI Franca2024,77,58,10,29,16,29,15,21,75,62,4,20,26,42,11,15,73.24,72.6,72.91999999999999,77,75,2,152,4,
Campo Mourão2024São José Basketball2024,Campo Mourão2024São José Basketball2024Final,2024-07-18,Final,2024,Campo Mourão2024,São José Basketball2024,59,65,6,27,16,38,9,15,77,67,11,33,19,34,6,10,73.6,69.4,71.5,59,77,-18,136,-36,
Caxias2024União Corinthians2024,Caxias2024União Corinthians2024Final,2024-07-18,Final,2024,Caxias2024,União Corinthians2024,83,72,8,33,22,39,15,22,65,70,5,22,18,48,14,18,78.68,74.92,76.80000000000001,83,65,18,148,36,
Thalia/PH.D Esportes2024Vasco/Tijuca2024,Thalia/PH.D Esportes2024Vasco/Tijuca2024Final,2024-07-18,Final,2024,Thalia/PH.D Esportes2024,Vasco/Tijuca2024,64,70,4,24,20,46,12,22,59,66,10,31,12,35,5,11,79.68,73.84,76.76,64,59,5,123,10,
Botafogo2024Campo Mourão2024,Botafogo2024Campo Mourão2024Final,2024-07-19,Final,2024,Botafogo2024,Campo Mourão2024,83,59,9,21,19,38,18,27,52,58,1,18,17,40,15,18,78.88,73.92,76.4,83,52,31,135,62,
Corinthians2024Flamengo2024,Corinthians2024Flamengo2024Final,2024-07-19,Final,2024,Corinthians2024,Flamengo2024,72,80,9,35,20,45,5,9,74,92,6,36,25,56,6,14,79.96,80.16,80.06,72,74,-2,146,-2,
Caixa Brasília Basquete2024IVV/CETAF2024,Caixa Brasília Basquete2024IVV/CETAF2024Final,2024-07-19,Final,2024,Caixa Brasília Basquete2024,IVV/CETAF2024,74,68,14,36,13,32,6,11,56,65,5,25,14,40,13,19,74.84,73.36,74.1,74,56,18,130,36,
B.Cearense2024LDPG2024,B.Cearense2024LDPG2024Final,2024-07-19,Final,2024,B.Cearense2024,LDPG2024,57,63,8,33,12,30,9,11,107,70,7,20,33,50,20,27,73.84,80.88,77.36,57,107,-50,164,-100,
Minas2024Mogi2024,Minas2024Mogi2024Final,2024-07-19,Final,2024,Minas2024,Mogi2024,90,64,10,24,22,40,16,25,73,73,4,30,21,43,19,25,88.0,87.0,87.5,90,73,17,163,34,
Cerrado2024Paulistano2024,Cerrado2024Paulistano2024Final,2024-07-19,Final,2024,Cerrado2024,Paulistano2024,59,68,4,27,21,41,5,8,84,64,9,26,24,38,9,12,72.52,70.28,71.4,59,84,-25,143,-50,
AEGB2024Pinheiros2024,AEGB2024Pinheiros2024Final,2024-07-19,Final,2024,AEGB2024,Pinheiros2024,44,63,5,23,7,40,15,22,104,76,7,29,32,47,19,27,74.68,84.88,79.78,44,104,-60,148,-120,
ADRM2024SESI Franca2024,ADRM2024SESI Franca2024Final,2024-07-19,Final,2024,ADRM2024,SESI Franca2024,46,59,8,33,10,26,2,2,70,71,3,20,26,51,9,13,60.88,74.72,67.8,46,70,-24,116,-48,
São José Basketball2024Thalia/PH.D Esportes2024,São José Basketball2024Thalia/PH.D Esportes2024Final,2024-07-19,Final,2024,São José Basketball2024,Thalia/PH.D Esportes2024,89,66,11,24,22,42,12,17,59,69,6,29,17,40,7,12,65.48,79.28,72.38,89,59,30,148,60,
Cruzeiro2024UNIFACISA2024,Cruzeiro2024UNIFACISA2024Final,2024-07-19,Final,2024,Cruzeiro2024,UNIFACISA2024,114,85,7,25,40,60,13,14,43,69,7,34,10,35,2,2,86.16,75.88,81.02,114,43,71,157,142,
São Paulo FC2024União Corinthians2024,São Paulo FC2024União Corinthians2024Final,2024-07-19,Final,2024,São Paulo FC2024,União Corinthians2024,70,66,7,36,15,30,19,32,59,70,9,30,11,40,10,13,72.08,80.72,76.4,70,59,11,129,22,
Caxias2024Vasco/Tijuca2024,Caxias2024Vasco/Tijuca2024Final,2024-07-19,Final,2024,Caxias2024,Vasco/Tijuca2024,88,68,10,26,25,42,8,17,52,61,5,30,14,31,9,17,75.48,68.48,71.98,88,52,36,140,72,
Caixa Brasília Basquete2024Cruzeiro2024,Caixa Brasília Basquete2024Cruzeiro2024Final,2024-07-20,Final,2024,Caixa Brasília Basquete2024,Cruzeiro2024,56,64,7,37,14,27,7,20,65,66,3,19,21,47,14,21,87.8,76.24,82.02,56,65,-9,121,-18,
B.Cearense2024IVV/CETAF2024,B.Cearense2024IVV/CETAF2024Final,2024-07-20,Final,2024,B.Cearense2024,IVV/CETAF2024,45,60,6,22,10,38,7,10,69,63,7,26,19,37,10,16,72.4,66.04,69.22,45,69,-24,114,-48,
Bauru Basket2024LDPG2024,Bauru Basket2024LDPG2024Final,2024-07-20,Final,2024,Bauru Basket2024,LDPG2024,74,75,8,29,20,46,10,11,77,65,9,28,20,37,10,21,86.84,72.24,79.53999999999999,74,77,-3,151,-6,
AEGB2024Paulistano2024,AEGB2024Paulistano2024Final,2024-07-20,Final,2024,AEGB2024,Paulistano2024,45,73,7,23,9,50,6,10,102,78,10,27,30,51,12,17,65.4,80.48,72.94,45,102,-57,147,-114,
Minas2024Pinheiros2024,Minas2024Pinheiros2024Final,2024-07-20,Final,2024,Minas2024,Pinheiros2024,60,47,8,26,9,21,18,23,80,79,8,28,22,51,12,14,61.12,91.16,76.14,60,80,-20,140,-40,
Mogi2024UNIFACISA2024,Mogi2024UNIFACISA2024Final,2024-07-20,Final,2024,Mogi2024,UNIFACISA2024,90,65,18,35,16,30,4,8,64,58,7,23,13,35,17,23,76.52,73.12,74.82,90,64,26,154,52,
B.Cearense2024Cruzeiro2024,B.Cearense2024Cruzeiro2024Final,2024-07-21,Final,2024,B.Cearense2024,Cruzeiro2024,40,54,6,22,8,32,6,9,96,75,5,22,33,53,15,23,67.96000000000001,78.12,73.04,40,96,-56,136,-112,
Bauru Basket2024IVV/CETAF2024,Bauru Basket2024IVV/CETAF2024Final,2024-07-21,Final,2024,Bauru Basket2024,IVV/CETAF2024,57,50,5,23,16,27,10,15,61,68,4,16,21,52,7,14,66.6,71.16,68.88,57,61,-4,118,-8,
Cerrado2024LDPG2024,Cerrado2024LDPG2024Final,2024-07-21,Final,2024,Cerrado2024,LDPG2024,65,74,7,28,20,46,4,8,78,64,10,31,17,33,14,15,77.52,75.6,76.56,65,78,-13,143,-26,
Caixa Brasília Basquete2024Mogi2024,Caixa Brasília Basquete2024Mogi2024Final,2024-07-21,Final,2024,Caixa Brasília Basquete2024,Mogi2024,76,76,12,42,16,34,8,16,84,61,5,24,25,37,19,28,90.04,78.32,84.18,76,84,-8,160,-16,
Minas2024Paulistano2024,Minas2024Paulistano2024Final,2024-07-21,Final,2024,Minas2024,Paulistano2024,64,58,8,25,16,33,8,12,83,65,10,31,19,34,15,17,72.28,77.48,74.88,64,83,-19,147,-38,
Pinheiros2024UNIFACISA2024,Pinheiros2024UNIFACISA2024Final,2024-07-21,Final,2024,Pinheiros2024,UNIFACISA2024,87,73,5,22,30,51,12,17,46,60,8,35,6,25,10,20,80.48,70.8,75.64,87,46,41,133,82,
Botafogo2024Caixa Brasília Basquete2024,Botafogo2024Caixa Brasília Basquete2024Final,2024-08-25,Final,2024,Botafogo2024,Caixa Brasília Basquete2024,77,59,3,16,24,43,20,31,75,60,7,32,16,28,22,34,85.64,87.96000000000001,86.80000000000001,77,75,2,152,4,
Campo Mourão2024Cerrado2024,Campo Mourão2024Cerrado2024Final,2024-08-25,Final,2024,Campo Mourão2024,Cerrado2024,78,54,7,23,14,31,29,41,79,73,6,34,22,39,17,21,81.03999999999999,96.24,88.63999999999999,78,79,-1,157,-2,
Caxias2024LDPG2024,Caxias2024LDPG2024Final,2024-08-25,Final,2024,Caxias2024,LDPG2024,73,58,10,24,13,34,17,28,69,66,8,27,16,39,13,19,72.32,82.36,77.34,73,69,4,142,8,
B.Cearense2024Pato Basquete2024,B.Cearense2024Pato Basquete2024Final,2024-08-25,Final,2024,B.Cearense2024,Pato Basquete2024,39,60,4,30,12,30,3,4,59,64,7,34,12,30,14,17,64.75999999999999,68.48,66.62,39,59,-20,98,-40,
Mogi2024São Paulo FC2024,Mogi2024São Paulo FC2024Final,2024-08-25,Final,2024,Mogi2024,São Paulo FC2024,74,73,11,35,17,38,7,14,79,66,12,29,17,37,9,12,70.16,77.28,73.72,74,79,-5,153,-10,
IVV/CETAF2024Thalia/PH.D Esportes2024,IVV/CETAF2024Thalia/PH.D Esportes2024Final,2024-08-25,Final,2024,IVV/CETAF2024,Thalia/PH.D Esportes2024,62,61,3,21,22,40,9,19,63,58,6,21,19,37,7,14,72.36,74.16,73.25999999999999,62,63,-1,125,-2,
Bauru Basket2024União Corinthians2024,Bauru Basket2024União Corinthians2024Final,2024-08-25,Final,2024,Bauru Basket2024,União Corinthians2024,71,57,3,22,21,35,20,23,81,71,8,24,24,47,9,16,68.12,78.04,73.08000000000001,71,81,-10,152,-20,
UNIFACISA2024Vasco/Tijuca2024,UNIFACISA2024Vasco/Tijuca2024Final,2024-08-25,Final,2024,UNIFACISA2024,Vasco/Tijuca2024,44,60,4,27,10,33,12,22,73,71,8,32,19,39,11,15,70.68,79.6,75.14,44,73,-29,117,-58,
B.Cearense2024Campo Mourão2024,B.Cearense2024Campo Mourão2024Final,2024-08-26,Final,2024,B.Cearense2024,Campo Mourão2024,47,58,5,27,11,31,10,19,82,67,3,22,29,45,15,26,81.36,78.44,79.9,47,82,-35,129,-70,
Caxias2024IVV/CETAF2024,Caxias2024IVV/CETAF2024Final,2024-08-26,Final,2024,Caxias2024,IVV/CETAF2024,61,78,6,33,16,45,11,24,62,43,8,18,15,25,8,17,81.56,62.480000000000004,72.02000000000001,61,62,-1,123,-2,
Botafogo2024Mogi2024,Botafogo2024Mogi2024Final,2024-08-26,Final,2024,Botafogo2024,Mogi2024,84,63,12,27,19,36,10,17,66,63,9,41,12,22,15,25,77.48,80.0,78.74000000000001,84,66,18,150,36,
Cerrado2024Pato Basquete2024,Cerrado2024Pato Basquete2024Final,2024-08-26,Final,2024,Cerrado2024,Pato Basquete2024,63,75,8,33,14,42,11,20,80,65,5,18,25,47,15,23,79.8,81.12,80.46000000000001,63,80,-17,143,-34,
Caixa Brasília Basquete2024São Paulo FC2024,Caixa Brasília Basquete2024São Paulo FC2024Final,2024-08-26,Final,2024,Caixa Brasília Basquete2024,São Paulo FC2024,91,81,13,41,19,40,14,17,94,69,15,36,17,33,15,23,87.48,81.12,84.30000000000001,91,94,-3,185,-6,
LDPG2024Thalia/PH.D Esportes2024,LDPG2024Thalia/PH.D Esportes2024Final,2024-08-26,Final,2024,LDPG2024,Thalia/PH.D Esportes2024,91,63,10,22,23,41,15,18,76,69,8,28,20,41,12,20,77.92,80.8,79.36,91,76,15,167,30,
UNIFACISA2024União Corinthians2024,UNIFACISA2024União Corinthians2024Final,2024-08-26,Final,2024,UNIFACISA2024,União Corinthians2024,53,60,5,18,13,42,12,20,63,73,6,29,17,44,11,13,73.8,82.72,78.25999999999999,53,63,-10,116,-20,
Bauru Basket2024Vasco/Tijuca2024,Bauru Basket2024Vasco/Tijuca2024Final,2024-08-26,Final,2024,Bauru Basket2024,Vasco/Tijuca2024,55,61,4,25,16,36,11,14,62,59,8,26,15,33,8,13,71.16,68.72,69.94,55,62,-7,117,-14,
Cruzeiro2024Flamengo2024,Cruzeiro2024Flamengo2024Final,2024-08-27,Final,2024,Cruzeiro2024,Flamengo2024,64,66,8,30,15,36,10,16,68,74,7,37,11,37,25,33,79.04,82.52,80.78,64,68,-4,132,-8,
Corinthians2024Minas2024,Corinthians2024Minas2024Final,2024-08-27,Final,2024,Corinthians2024,Minas2024,83,72,11,32,18,40,14,18,78,68,7,23,23,45,11,12,72.92,80.28,76.6,83,78,5,161,10,
Pinheiros2024SESI Franca2024,Pinheiros2024SESI Franca2024Final,2024-08-27,Final,2024,Pinheiros2024,SESI Franca2024,67,65,10,38,9,27,19,27,62,58,7,26,14,32,13,14,76.88,75.16,76.02,67,62,5,129,10,
Paulistano2024São José Basketball2024,Paulistano2024São José Basketball2024Final,2024-08-27,Final,2024,Paulistano2024,São José Basketball2024,88,59,14,30,16,29,14,18,76,65,11,31,16,34,11,14,76.92,82.16,79.53999999999999,88,76,12,164,24,
Flamengo2024Paulistano2024,Flamengo2024Paulistano2024Final,2024-08-28,Final,2024,Flamengo2024,Paulistano2024,59,59,4,25,15,34,17,22,75,65,8,29,20,36,11,18,73.68,74.92,74.30000000000001,59,75,-16,134,-32,
Corinthians2024Pinheiros2024,Corinthians2024Pinheiros2024Final,2024-08-28,Final,2024,Corinthians2024,Pinheiros2024,83,68,14,40,11,28,19,22,68,67,10,32,13,35,12,15,80.68,82.6,81.64,83,68,15,151,30,
Minas2024SESI Franca2024,Minas2024SESI Franca2024Final,2024-08-28,Final,2024,Minas2024,SESI Franca2024,71,69,8,23,20,46,7,12,63,75,2,22,25,53,7,10,77.28,81.4,79.34,71,63,8,134,16,
Cruzeiro2024São José Basketball2024,Cruzeiro2024São José Basketball2024Final,2024-08-28,Final,2024,Cruzeiro2024,São José Basketball2024,71,65,5,30,19,35,18,25,87,78,14,37,16,41,13,20,78.0,92.8,85.4,71,87,-16,158,-32,
LDPG2024São Paulo FC2024,LDPG2024São Paulo FC2024Final,2024-08-28,Final,2024,LDPG2024,São Paulo FC2024,70,75,7,35,18,40,13,15,78,74,9,32,17,42,17,23,91.6,82.12,86.86,70,78,-8,148,-16,
Caixa Brasília Basquete2024Thalia/PH.D Esportes2024,Caixa Brasília Basquete2024Thalia/PH.D Esportes2024Final,2024-08-28,Final,2024,Caixa Brasília Basquete2024,Thalia/PH.D Esportes2024,82,76,12,41,19,35,8,20,77,76,7,31,20,45,16,21,81.8,81.24,81.52,82,77,5,159,10,
Corinthians2024Paulistano2024,Corinthians2024Paulistano2024Final,2024-08-31,Final,2024,Corinthians2024,Paulistano2024,70,68,5,20,19,48,17,20,78,63,13,28,15,35,9,12,76.8,71.28,74.03999999999999,70,78,-8,148,-16,
Flamengo2024Pinheiros2024,Flamengo2024Pinheiros2024Final,2024-08-31,Final,2024,Flamengo2024,Pinheiros2024,67,72,7,24,18,48,10,13,77,66,7,28,24,38,8,9,76.72,76.96,76.84,67,77,-10,144,-20,
Cruzeiro2024SESI Franca2024,Cruzeiro2024SESI Franca2024Final,2024-08-31,Final,2024,Cruzeiro2024,SESI Franca2024,74,61,9,26,14,35,19,29,75,61,7,21,19,40,16,27,77.76,88.88,83.32,74,75,-1,149,-2,
Minas2024São José Basketball2024,Minas2024São José Basketball2024Final,2024-08-31,Final,2024,Minas2024,São José Basketball2024,96,75,10,31,28,44,10,14,68,80,4,25,25,55,6,12,86.16,89.28,87.72,96,68,28,164,56,
Bauru Basket2025Botafogo2025,Bauru Basket2025Botafogo2025Final,2025-06-26,Final,2025,Bauru Basket2025,Botafogo2025,58,68,11,31,9,37,7,14,86,67,10,24,23,43,10,17,78.16,77.48,77.82,58,86,-28,144,-56,
Corinthians2025IVV/CETAF2025,Corinthians2025IVV/CETAF2025Final,2025-06-26,Final,2025,Corinthians2025,IVV/CETAF2025,77,80,6,34,25,46,9,15,54,61,9,27,11,34,5,10,77.6,68.4,73.0,77,54,23,131,46,
B.Cearense2025Paulistano2025,B.Cearense2025Paulistano2025Final,2025-06-26,Final,2025,B.Cearense2025,Paulistano2025,60,63,7,26,15,37,9,13,108,81,19,45,20,36,11,14,77.72,87.16,82.44,60,108,-48,168,-96,
Thalia/PH.D Esportes2025UNIFACISA2025,Thalia/PH.D Esportes2025UNIFACISA2025Final,2025-06-26,Final,2025,Thalia/PH.D Esportes2025,UNIFACISA2025,86,75,7,20,27,55,11,17,66,71,7,40,16,31,13,20,88.48,78.8,83.64,86,66,20,152,40,
São Paulo FC2025Vasco/Tijuca2025,São Paulo FC2025Vasco/Tijuca2025Final,2025-06-26,Final,2025,São Paulo FC2025,Vasco/Tijuca2025,88,75,6,26,26,49,18,29,48,67,5,29,12,38,9,20,92.76,87.8,90.28,88,48,40,136,80,
Bauru Basket2025IVV/CETAF2025,Bauru Basket2025IVV/CETAF2025Final,2025-06-27,Final,2025,Bauru Basket2025,IVV/CETAF2025,63,63,11,31,13,32,4,7,71,61,9,24,15,37,14,21,70.08,69.24,69.66,63,71,-8,134,-16,
Campo Mourão2025Mogi2025,Campo Mourão2025Mogi2025Final,2025-06-27,Final,2025,Campo Mourão2025,Mogi2025,54,64,4,26,17,38,8,18,83,81,10,36,20,45,13,20,68.92,81.8,75.36,54,83,-29,137,-58,
ADRM2025Pato Basquete2025,ADRM2025Pato Basquete2025Final,2025-06-27,Final,2025,ADRM2025,Pato Basquete2025,44,71,3,24,15,47,5,8,56,72,8,32,12,40,8,13,74.52,70.72,72.62,44,56,-12,100,-24,
Botafogo2025Paulistano2025,Botafogo2025Paulistano2025Final,2025-06-27,Final,2025,Botafogo2025,Paulistano2025,69,64,9,29,17,35,8,17,104,69,11,34,24,35,23,29,76.48,85.76,81.12,69,104,-35,173,-70,
Caixa Brasília Basquete2025Pinheiros2025,Caixa Brasília Basquete2025Pinheiros2025Final,2025-06-27,Final,2025,Caixa Brasília Basquete2025,Pinheiros2025,33,53,3,25,10,28,4,7,98,70,10,30,27,40,14,23,72.08,77.12,74.6,33,98,-65,131,-130,
Caxias2025SESI Franca2025,Caxias2025SESI Franca2025Final,2025-06-27,Final,2025,Caxias2025,SESI Franca2025,68,63,7,29,16,34,15,25,76,63,8,27,22,36,8,17,76.0,76.48,76.24000000000001,68,76,-8,144,-16,
Flamengo2025Thalia/PH.D Esportes2025,Flamengo2025Thalia/PH.D Esportes2025Final,2025-06-27,Final,2025,Flamengo2025,Thalia/PH.D Esportes2025,98,86,14,42,24,44,8,19,70,80,8,33,18,47,10,16,89.36,89.04,89.2,98,70,28,168,56,
São Paulo FC2025UNIFACISA2025,São Paulo FC2025UNIFACISA2025Final,2025-06-27,Final,2025,São Paulo FC2025,UNIFACISA2025,110,91,11,26,32,65,13,23,45,67,4,33,13,34,7,13,96.12,73.72,84.92,110,45,65,155,130,
São José Basketball2025União Corinthians2025,São José Basketball2025União Corinthians2025Final,2025-06-27,Final,2025,São José Basketball2025,União Corinthians2025,96,69,8,24,26,45,20,29,64,50,9,19,16,31,5,10,84.76,71.4,78.08000000000001,96,64,32,160,64,
Corinthians2025Vasco/Tijuca2025,Corinthians2025Vasco/Tijuca2025Final,2025-06-27,Final,2025,Corinthians2025,Vasco/Tijuca2025,77,71,8,39,17,32,19,21,49,62,6,23,12,39,7,12,79.24,76.28,77.75999999999999,77,49,28,126,56,
ADRM2025Minas2025,ADRM2025Minas2025Final,2025-06-28,Final,2025,ADRM2025,Minas2025,37,56,1,20,16,36,2,3,75,65,12,37,12,28,15,25,66.32,59.0,62.66,37,75,-38,112,-76,
Caxias2025Mogi2025,Caxias2025Mogi2025Final,2025-06-28,Final,2025,Caxias2025,Mogi2025,75,64,9,27,14,37,20,30,73,64,7,21,19,43,14,19,80.2,80.36,80.28,75,73,2,148,4,
IVV/CETAF2025Paulistano2025,IVV/CETAF2025Paulistano2025Final,2025-06-28,Final,2025,IVV/CETAF2025,Paulistano2025,76,56,9,19,20,37,9,14,87,73,12,35,21,38,9,15,70.16,77.6,73.88,76,87,-11,163,-22,
Pato Basquete2025Pinheiros2025,Pato Basquete2025Pinheiros2025Final,2025-06-28,Final,2025,Pato Basquete2025,Pinheiros2025,60,59,4,20,15,39,18,28,92,79,8,30,25,49,18,24,75.32,91.56,83.44,60,92,-32,152,-64,
Caixa Brasília Basquete2025São José Basketball2025,Caixa Brasília Basquete2025São José Basketball2025Final,2025-06-28,Final,2025,Caixa Brasília Basquete2025,São José Basketball2025,49,53,6,20,10,33,11,16,84,69,6,24,27,45,12,20,66.03999999999999,78.8,72.41999999999999,49,84,-35,133,-70,
Flamengo2025São Paulo FC2025,Flamengo2025São Paulo FC2025Final,2025-06-28,Final,2025,Flamengo2025,São Paulo FC2025,78,66,8,36,15,30,24,31,94,62,8,27,23,35,24,31,92.64,86.64,89.64,78,94,-16,172,-32,
B.Cearense2025Thalia/PH.D Esportes2025,B.Cearense2025Thalia/PH.D Esportes2025Final,2025-06-28,Final,2025,B.Cearense2025,Thalia/PH.D Esportes2025,56,59,5,33,16,26,9,13,72,74,6,33,22,41,10,18,73.72,78.92,76.32,56,72,-16,128,-32,
Corinthians2025UNIFACISA2025,Corinthians2025UNIFACISA2025Final,2025-06-28,Final,2025,Corinthians2025,UNIFACISA2025,99,84,14,42,19,42,19,26,57,66,3,16,22,50,4,8,94.44,82.52,88.47999999999999,99,57,42,156,84,
SESI Franca2025União Corinthians2025,SESI Franca2025União Corinthians2025Final,2025-06-28,Final,2025,SESI Franca2025,União Corinthians2025,83,64,4,15,29,49,13,17,64,55,7,23,15,32,13,15,76.48,62.6,69.54,83,64,19,147,38,
Bauru Basket2025Vasco/Tijuca2025,Bauru Basket2025Vasco/Tijuca2025Final,2025-06-28,Final,2025,Bauru Basket2025,Vasco/Tijuca2025,79,59,13,29,14,30,12,24,54,65,3,26,12,39,21,32,83.56,78.08,80.82,79,54,25,133,50,
ADRM2025Campo Mourão2025,ADRM2025Campo Mourão2025Final,2025-06-29,Final,2025,ADRM2025,Campo Mourão2025,68,56,9,25,14,31,13,24,65,60,8,31,12,29,17,26,75.56,79.44,77.5,68,65,3,133,6,
Minas2025Pinheiros2025,Minas2025Pinheiros2025Final,2025-06-29,Final,2025,Minas2025,Pinheiros2025,77,57,6,14,17,43,25,34,71,76,8,30,17,46,13,17,72.96000000000001,90.48,81.72,77,71,6,148,12,
Caixa Brasília Basquete2025SESI Franca2025,Caixa Brasília Basquete2025SESI Franca2025Final,2025-06-29,Final,2025,Caixa Brasília Basquete2025,SESI Franca2025,53,58,8,28,12,30,5,8,96,66,6,18,30,48,18,24,78.52000000000001,73.56,76.04,53,96,-43,149,-86,
Pato Basquete2025São José Basketball2025,Pato Basquete2025São José Basketball2025Final,2025-06-29,Final,2025,Pato Basquete2025,São José Basketball2025,71,69,12,34,13,35,9,10,84,77,9,29,20,48,17,23,74.4,75.12,74.76,71,84,-13,155,-26,
Mogi2025União Corinthians2025,Mogi2025União Corinthians2025Final,2025-06-29,Final,2025,Mogi2025,União Corinthians2025,76,68,10,34,16,34,14,20,49,67,6,26,14,41,3,9,76.8,70.96,73.88,76,49,27,125,54,
Corinthians2025Flamengo2025,Corinthians2025Flamengo2025Final,2025-06-30,Final,2025,Corinthians2025,Flamengo2025,91,71,11,31,24,40,10,16,54,68,4,24,17,44,8,11,76.04,69.84,72.94,91,54,37,145,74,
B.Cearense2025São Paulo FC2025,B.Cearense2025São Paulo FC2025Final,2025-06-30,Final,2025,B.Cearense2025,São Paulo FC2025,58,58,4,17,16,41,14,26,98,78,11,34,25,44,15,21,72.44,91.24,81.84,58,98,-40,156,-80,
Botafogo2025Thalia/PH.D Esportes2025,Botafogo2025Thalia/PH.D Esportes2025Final,2025-06-30,Final,2025,Botafogo2025,Thalia/PH.D Esportes2025,66,68,3,22,19,46,19,27,80,65,8,19,19,46,18,27,85.88,84.88,85.38,66,80,-14,146,-28,
Bauru Basket2025UNIFACISA2025,Bauru Basket2025UNIFACISA2025Final,2025-06-30,Final,2025,Bauru Basket2025,UNIFACISA2025,87,75,9,29,25,46,10,16,67,59,7,23,17,36,12,21,82.04,64.24,73.14,87,67,20,154,40,
Paulistano2025Vasco/Tijuca2025,Paulistano2025Vasco/Tijuca2025Final,2025-06-30,Final,2025,Paulistano2025,Vasco/Tijuca2025,87,63,10,22,20,41,17,27,47,67,5,26,13,41,6,9,74.88,77.96,76.41999999999999,87,47,40,134,80,
ADRM2025Caxias2025,ADRM2025Caxias2025Final,2025-07-01,Final,2025,ADRM2025,Caxias2025,44,62,3,14,14,48,7,9,83,62,11,24,18,38,14,20,76.96,72.8,74.88,44,83,-39,127,-78,
B.Cearense2025Corinthians2025,B.Cearense2025Corinthians2025Final,2025-07-01,Final,2025,B.Cearense2025,Corinthians2025,56,61,4,18,18,43,8,10,97,78,16,47,21,31,7,12,65.4,78.28,71.84,56,97,-41,153,-82,
Bauru Basket2025Flamengo2025,Bauru Basket2025Flamengo2025Final,2025-07-01,Final,2025,Bauru Basket2025,Flamengo2025,83,70,12,31,20,39,7,13,78,60,8,27,20,33,14,22,81.72,75.68,78.7,83,78,5,161,10,
Caixa Brasília Basquete2025Mogi2025,Caixa Brasília Basquete2025Mogi2025Final,2025-07-01,Final,2025,Caixa Brasília Basquete2025,Mogi2025,42,60,6,24,11,36,2,2,74,66,9,32,14,34,19,27,78.88,64.88,71.88,42,74,-32,116,-64,
Campo Mourão2025Pinheiros2025,Campo Mourão2025Pinheiros2025Final,2025-07-01,Final,2025,Campo Mourão2025,Pinheiros2025,53,58,2,17,19,41,9,11,82,79,10,34,21,45,10,15,64.84,76.6,70.72,53,82,-29,135,-58,
Pato Basquete2025SESI Franca2025,Pato Basquete2025SESI Franca2025Final,2025-07-01,Final,2025,Pato Basquete2025,SESI Franca2025,70,70,11,34,14,36,9,12,82,73,8,21,25,52,8,14,76.28,81.16,78.72,70,82,-12,152,-24,
Minas2025São José Basketball2025,Minas2025São José Basketball2025Final,2025-07-01,Final,2025,Minas2025,São José Basketball2025,68,66,6,26,22,40,6,15,60,63,6,24,16,39,10,14,74.6,74.16,74.38,68,60,8,128,16,
Botafogo2025São Paulo FC2025,Botafogo2025São Paulo FC2025Final,2025-07-01,Final,2025,Botafogo2025,São Paulo FC2025,96,62,11,23,19,39,25,35,76,64,3,18,24,46,19,33,93.4,95.52,94.46000000000001,96,76,20,172,40,
IVV/CETAF2025Thalia/PH.D Esportes2025,IVV/CETAF2025Thalia/PH.D Esportes2025Final,2025-07-01,Final,2025,IVV/CETAF2025,Thalia/PH.D Esportes2025,57,65,5,28,16,37,10,16,58,63,5,26,16,37,11,12,75.04,75.28,75.16,57,58,-1,115,-2,
Paulistano2025UNIFACISA2025,Paulistano2025UNIFACISA2025Final,2025-07-01,Final,2025,Paulistano2025,UNIFACISA2025,108,83,9,34,32,49,17,19,66,70,8,30,16,40,10,13,83.36,84.72,84.03999999999999,108,66,42,174,84,
B.Cearense2025Bauru Basket2025,B.Cearense2025Bauru Basket2025Final,2025-07-02,Final,2025,B.Cearense2025,Bauru Basket2025,56,65,4,23,18,42,8,16,64,69,10,33,16,36,2,7,69.04,70.08,69.56,56,64,-8,120,-16,
Botafogo2025Corinthians2025,Botafogo2025Corinthians2025Final,2025-07-02,Final,2025,Botafogo2025,Corinthians2025,70,61,9,27,16,34,11,15,79,61,7,29,17,32,24,30,80.6,79.2,79.9,70,79,-9,149,-18,
Mogi2025Pato Basquete2025,Mogi2025Pato Basquete2025Final,2025-07-02,Final,2025,Mogi2025,Pato Basquete2025,80,83,10,29,20,54,10,18,54,64,3,20,18,44,9,13,77.92,70.72,74.32,80,54,26,134,52,
Flamengo2025Paulistano2025,Flamengo2025Paulistano2025Final,2025-07-02,Final,2025,Flamengo2025,Paulistano2025,59,67,8,24,14,43,7,7,112,91,10,31,36,60,10,16,72.08,83.04,77.56,59,112,-53,171,-106,
Caxias2025Pinheiros2025,Caxias2025Pinheiros2025Final,2025-07-02,Final,2025,Caxias2025,Pinheiros2025,60,54,8,25,13,29,10,20,68,75,6,25,20,50,10,17,74.8,80.48,77.64,60,68,-8,128,-16,
Minas2025SESI Franca2025,Minas2025SESI Franca2025Final,2025-07-02,Final,2025,Minas2025,SESI Franca2025,51,50,5,22,12,28,12,24,67,69,6,20,20,49,9,11,69.56,87.84,78.7,51,67,-16,118,-32,
Campo Mourão2025São José Basketball2025,Campo Mourão2025São José Basketball2025Final,2025-07-02,Final,2025,Campo Mourão2025,São José Basketball2025,69,74,7,27,18,47,12,18,86,67,7,33,22,34,21,27,80.92,76.88,78.9,69,86,-17,155,-34,
IVV/CETAF2025São Paulo FC2025,IVV/CETAF2025São Paulo FC2025Final,2025-07-02,Final,2025,IVV/CETAF2025,São Paulo FC2025,63,65,5,20,16,45,16,17,100,81,9,32,32,49,9,16,74.48,86.04,80.26,63,100,-37,163,-74,
ADRM2025União Corinthians2025,ADRM2025União Corinthians2025Final,2025-07-02,Final,2025,ADRM2025,União Corinthians2025,52,58,3,16,19,42,5,8,56,53,6,20,13,33,12,17,66.52000000000001,57.480000000000004,62.00000000000001,52,56,-4,108,-8,
Thalia/PH.D Esportes2025Vasco/Tijuca2025,Thalia/PH.D Esportes2025Vasco/Tijuca2025Final,2025-07-02,Final,2025,Thalia/PH.D Esportes2025,Vasco/Tijuca2025,72,65,5,19,22,46,13,23,75,65,8,35,20,30,11,17,79.12,77.48,78.30000000000001,72,75,-3,147,-6,
ADRM2025Caixa Brasília Basquete2025,ADRM2025Caixa Brasília Basquete2025Final,2025-07-03,Final,2025,ADRM2025,Caixa Brasília Basquete2025,47,54,0,14,21,40,5,9,55,59,8,30,12,29,7,10,69.96000000000001,65.4,67.68,47,55,-8,102,-16,
Minas2025Mogi2025,Minas2025Mogi2025Final,2025-07-03,Final,2025,Minas2025,Mogi2025,66,60,5,20,20,40,11,23,53,59,4,24,15,35,11,17,77.12,78.48,77.80000000000001,66,53,13,119,26,
Campo Mourão2025SESI Franca2025,Campo Mourão2025SESI Franca2025Final,2025-07-03,Final,2025,Campo Mourão2025,SESI Franca2025,72,75,10,33,18,42,6,9,77,74,6,29,21,45,17,20,79.96,78.8,79.38,72,77,-5,149,-5,
Caxias2025São José Basketball2025,Caxias2025São José Basketball2025Final,2025-07-03,Final,2025,Caxias2025,São José Basketball2025,52,62,6,28,14,34,6,8,76,68,4,17,26,51,12,17,71.52,75.48,73.5,52,76,-24,128,-48,
Pinheiros2025União Corinthians2025,Pinheiros2025União Corinthians2025Final,2025-07-03,Final,2025,Pinheiros2025,União Corinthians2025,82,70,9,31,25,39,5,10,53,57,1,22,17,35,16,22,78.4,70.68,74.54,82,53,29,135,58,
ADRM2025Pinheiros2025,ADRM2025Pinheiros2025Final,2025-07-29,Final,2025,ADRM2025,Pinheiros2025,59,61,2,15,23,46,7,13,110,75,16,33,23,42,16,26,81.72,91.44,86.58,59,110,-51,169,-102,
Mogi2025São José Basketball2025,Mogi2025São José Basketball2025Final,2025-07-29,Final,2025,Mogi2025,São José Basketball2025,74,78,11,32,17,46,7,11,87,66,10,25,23,41,11,13,81.84,81.72,81.78,74,87,-13,161,-26,
Bauru Basket2025São Paulo FC2025,Bauru Basket2025São Paulo FC2025Final,2025-07-29,Final,2025,Bauru Basket2025,São Paulo FC2025,76,78,9,36,18,42,13,27,79,58,3,9,24,49,22,40,90.88,82.6,86.74,76,79,-3,155,-6,
Corinthians2025Thalia/PH.D Esportes2025,Corinthians2025Thalia/PH.D Esportes2025Final,2025-07-29,Final,2025,Corinthians2025,Thalia/PH.D Esportes2025,101,64,14,38,18,26,23,38,73,76,6,26,23,50,9,13,89.72,91.72,90.72,101,73,28,174,56,
Campo Mourão2025Caxias2025,Campo Mourão2025Caxias2025Final,2025-07-30,Final,2025,Campo Mourão2025,Caxias2025,73,56,10,28,17,28,9,12,72,64,8,25,16,39,16,25,71.28,69.0,70.14,73,72,1,145,2,
B.Cearense2025Flamengo2025,B.Cearense2025Flamengo2025Final,2025-07-30,Final,2025,B.Cearense2025,Flamengo2025,64,61,6,23,20,38,6,12,84,92,9,45,20,47,17,31,80.28,91.64,85.96000000000001,64,84,-20,148,-40,
Minas2025Pato Basquete2025,Minas2025Pato Basquete2025Final,2025-07-30,Final,2025,Minas2025,Pato Basquete2025,91,73,10,32,26,41,9,13,49,62,5,26,13,36,8,11,76.72,70.84,73.78,91,49,42,140,84,
Bauru Basket2025Paulistano2025,Bauru Basket2025Paulistano2025Final,2025-07-30,Final,2025,Bauru Basket2025,Paulistano2025,55,57,2,9,23,48,3,7,76,77,11,43,17,34,9,15,63.08,74.6,68.84,55,76,-21,131,-42,
Mogi2025SESI Franca2025,Mogi2025SESI Franca2025Final,2025-07-30,Final,2025,Mogi2025,SESI Franca2025,66,61,11,31,11,30,11,18,70,70,6,29,16,41,20,24,83.92,86.56,85.24000000000001,66,70,-4,136,-8,
Pinheiros2025São José Basketball2025,Pinheiros2025São José Basketball2025Final,2025-07-30,Final,2025,Pinheiros2025,São José Basketball2025,85,69,9,33,23,36,12,15,59,60,4,22,17,38,13,21,84.6,79.24,81.91999999999999,85,59,26,144,52,
Corinthians2025São Paulo FC2025,Corinthians2025São Paulo FC2025Final,2025-07-30,Final,2025,Corinthians2025,São Paulo FC2025,101,59,13,30,14,29,34,46,99,85,9,21,27,64,18,28,91.24,101.32,96.28,101,99,2,200,4,
Botafogo2025UNIFACISA2025,Botafogo2025UNIFACISA2025Final,2025-07-30,Final,2025,Botafogo2025,UNIFACISA2025,116,77,8,23,39,54,14,27,55,51,5,21,17,30,6,17,85.88,68.48,77.18,116,55,61,171,122,
Caixa Brasília Basquete2025União Corinthians2025,Caixa Brasília Basquete2025União Corinthians2025Final,2025-07-30,Final,2025,Caixa Brasília Basquete2025,União Corinthians2025,76,75,11,34,17,41,9,15,77,76,8,29,24,47,5,11,83.6,87.84,85.72,76,77,-1,153,-1,
IVV/CETAF2025Vasco/Tijuca2025,IVV/CETAF2025Vasco/Tijuca2025Final,2025-07-30,Final,2025,IVV/CETAF2025,Vasco/Tijuca2025,63,67,6,27,15,40,15,24,70,74,6,28,19,46,14,21,78.56,86.24,82.4,63,70,-7,133,-7,
Bauru Basket2025Corinthians2025,Bauru Basket2025Corinthians2025Final,2025-07-31,Final,2025,Bauru Basket2025,Corinthians2025,62,76,8,30,18,46,2,6,77,64,11,32,19,32,6,10,76.64,70.4,73.52000000000001,62,77,-15,139,-30,
Botafogo2025IVV/CETAF2025,Botafogo2025IVV/CETAF2025Final,2025-07-31,Final,2025,Botafogo2025,IVV/CETAF2025,78,59,7,22,22,37,13,20,46,49,3,22,16,27,5,11,80.8,65.84,73.32,78,46,32,124,64,
Caxias2025Minas2025,Caxias2025Minas2025Final,2025-07-31,Final,2025,Caxias2025,Minas2025,49,62,7,27,11,35,6,10,70,75,5,24,24,51,7,11,60.400000000000006,70.84,65.62,49,70,-21,119,-42,
ADRM2025Mogi2025,ADRM2025Mogi2025Final,2025-07-31,Final,2025,ADRM2025,Mogi2025,58,62,4,15,20,47,6,17,88,64,12,32,17,32,18,24,80.48,79.56,80.02000000000001,58,88,-30,146,-60,
Caixa Brasília Basquete2025Pato Basquete2025,Caixa Brasília Basquete2025Pato Basquete2025Final,2025-07-31,Final,2025,Caixa Brasília Basquete2025,Pato Basquete2025,54,72,8,32,13,40,4,9,97,77,9,35,31,42,8,17,70.96,75.48,73.22,54,97,-43,151,-86,
SESI Franca2025São José Basketball2025,SESI Franca2025São José Basketball2025Final,2025-07-31,Final,2025,SESI Franca2025,São José Basketball2025,59,67,4,26,19,41,9,10,78,56,7,19,21,37,15,21,79.4,67.24,73.32,59,78,-19,137,-38,
Paulistano2025Thalia/PH.D Esportes2025,Paulistano2025Thalia/PH.D Esportes2025Final,2025-07-31,Final,2025,Paulistano2025,Thalia/PH.D Esportes2025,97,84,11,35,26,49,12,19,82,66,8,24,23,42,12,15,81.36,79.6,80.47999999999999,97,82,15,179,30,
B.Cearense2025UNIFACISA2025,B.Cearense2025UNIFACISA2025Final,2025-07-31,Final,2025,B.Cearense2025,UNIFACISA2025,73,63,7,31,15,32,22,31,59,57,7,31,13,26,12,24,88.64,78.56,83.6,73,59,14,132,28,
Campo Mourão2025União Corinthians2025,Campo Mourão2025União Corinthians2025Final,2025-07-31,Final,2025,Campo Mourão2025,União Corinthians2025,83,64,7,21,22,43,18,24,71,50,11,29,14,21,10,20,75.56,76.8,76.18,83,71,12,154,24,
Flamengo2025Vasco/Tijuca2025,Flamengo2025Vasco/Tijuca2025Final,2025-07-31,Final,2025,Flamengo2025,Vasco/Tijuca2025,94,77,7,26,25,51,23,31,57,63,4,20,17,43,11,19,81.64,77.36,79.5,94,57,37,151,74,
B.Cearense2025Botafogo2025,B.Cearense2025Botafogo2025Final,2025-08-01,Final,2025,B.Cearense2025,Botafogo2025,49,60,3,17,14,43,12,18,103,76,10,27,28,49,17,23,73.92,81.12,77.52000000000001,49,103,-54,152,-108,
Flamengo2025IVV/CETAF2025,Flamengo2025IVV/CETAF2025Final,2025-08-01,Final,2025,Flamengo2025,IVV/CETAF2025,86,71,15,34,16,37,9,19,78,58,13,28,15,30,9,11,68.36,71.84,70.1,86,78,8,164,16,
Caixa Brasília Basquete2025Minas2025,Caixa Brasília Basquete2025Minas2025Final,2025-08-01,Final,2025,Caixa Brasília Basquete2025,Minas2025,34,53,6,32,5,21,6,8,113,75,13,30,27,45,20,28,74.52000000000001,81.32,77.92,34,113,-79,147,-158,
Campo Mourão2025Pato Basquete2025,Campo Mourão2025Pato Basquete2025Final,2025-08-01,Final,2025,Campo Mourão2025,Pato Basquete2025,71,65,10,33,15,32,11,17,75,56,6,19,20,37,17,27,77.48,76.88,77.18,71,75,-4,146,-8,
Pinheiros2025SESI Franca2025,Pinheiros2025SESI Franca2025Final,2025-08-01,Final,2025,Pinheiros2025,SESI Franca2025,77,53,5,26,20,27,22,31,65,60,3,18,15,42,26,35,89.64,97.4,93.52000000000001,77,65,12,142,24,
ADRM2025São José Basketball2025,ADRM2025São José Basketball2025Final,2025-08-01,Final,2025,ADRM2025,São José Basketball2025,46,68,4,28,15,40,4,7,99,66,14,35,18,31,21,33,82.08,74.52,78.3,46,99,-53,145,-106,
Paulistano2025São Paulo FC2025,Paulistano2025São Paulo FC2025Final,2025-08-01,Final,2025,Paulistano2025,São Paulo FC2025,92,68,8,30,18,38,32,42,74,64,9,26,15,38,17,27,89.48,92.88,91.18,92,74,18,166,36,
Bauru Basket2025Thalia/PH.D Esportes2025,Bauru Basket2025Thalia/PH.D Esportes2025Final,2025-08-01,Final,2025,Bauru Basket2025,Thalia/PH.D Esportes2025,73,63,10,29,14,34,15,24,84,70,9,29,18,41,21,29,84.56,83.76,84.16,73,84,-11,157,-22,
Caxias2025União Corinthians2025,Caxias2025União Corinthians2025Final,2025-08-01,Final,2025,Caxias2025,União Corinthians2025,77,56,6,23,21,33,17,28,83,57,11,23,14,34,22,30,83.32,88.2,85.75999999999999,77,83,-6,160,-12,
UNIFACISA2025Vasco/Tijuca2025,UNIFACISA2025Vasco/Tijuca2025Final,2025-08-01,Final,2025,UNIFACISA2025,Vasco/Tijuca2025,52,56,3,18,15,38,13,21,54,76,6,32,15,44,6,19,75.24,76.36,75.8,52,54,-2,106,-4,
Corinthians2025Paulistano2025,Corinthians2025Paulistano2025Final,2025-08-02,Final,2025,Corinthians2025,Paulistano2025,74,67,10,37,11,30,22,29,82,73,7,28,18,45,25,30,97.76,93.2,95.48,74,82,-8,156,-16,
Mogi2025Pinheiros2025,Mogi2025Pinheiros2025Final,2025-08-02,Final,2025,Mogi2025,Pinheiros2025,61,61,5,31,13,30,20,34,106,72,7,32,27,40,31,34,78.96000000000001,92.96000000000001,85.96000000000001,61,106,-45,167,-90,
ADRM2025SESI Franca2025,ADRM2025SESI Franca2025Final,2025-08-02,Final,2025,ADRM2025,SESI Franca2025,40,56,0,11,16,45,8,12,77,64,8,34,20,30,13,21,68.28,69.24,68.75999999999999,40,77,-37,117,-74,
São Paulo FC2025Thalia/PH.D Esportes2025,São Paulo FC2025Thalia/PH.D Esportes2025Final,2025-08-02,Final,2025,São Paulo FC2025,Thalia/PH.D Esportes2025,99,76,5,22,33,54,18,28,94,82,10,31,23,51,18,25,93.32,99.0,96.16,99,94,5,193,5,
Caixa Brasília Basquete2025Caxias2025,Caixa Brasília Basquete2025Caxias2025Final,2025-08-03,Final,2025,Caixa Brasília Basquete2025,Caxias2025,47,59,7,30,10,29,6,12,87,74,11,38,21,36,12,21,74.28,80.24,77.25999999999999,47,87,-40,134,-80,
B.Cearense2025IVV/CETAF2025,B.Cearense2025IVV/CETAF2025Final,2025-08-03,Final,2025,B.Cearense2025,IVV/CETAF2025,48,52,3,14,16,38,7,20,83,81,7,30,27,51,8,12,62.8,83.28,73.03999999999999,48,83,-35,131,-70,
Campo Mourão2025Minas2025,Campo Mourão2025Minas2025Final,2025-08-03,Final,2025,Campo Mourão2025,Minas2025,64,72,5,28,20,44,9,16,100,77,12,39,27,38,10,15,79.04,81.6,80.32,64,100,-36,164,-72,
Flamengo2025UNIFACISA2025,Flamengo2025UNIFACISA2025Final,2025-08-03,Final,2025,Flamengo2025,UNIFACISA2025,108,74,15,35,24,39,15,26,56,67,7,29,13,38,9,13,84.44,81.72,83.08,108,56,52,164,104,
Pato Basquete2025União Corinthians2025,Pato Basquete2025União Corinthians2025Final,2025-08-03,Final,2025,Pato Basquete2025,União Corinthians2025,50,74,2,29,19,45,6,13,59,60,11,32,6,28,14,20,82.72,72.8,77.75999999999999,50,59,-9,109,-18,
Botafogo2025Vasco/Tijuca2025,Botafogo2025Vasco/Tijuca2025Final,2025-08-03,Final,2025,Botafogo2025,Vasco/Tijuca2025,83,62,7,20,26,42,10,16,43,56,3,19,12,37,10,18,73.04,67.92,70.48,83,43,40,126,80,
Caixa Brasília Basquete2025Campo Mourão2025,Caixa Brasília Basquete2025Campo Mourão2025Final,2025-08-04,Final,2025,Caixa Brasília Basquete2025,Campo Mourão2025,64,66,7,32,17,34,9,17,73,67,4,27,22,40,17,27,78.48,74.88,76.68,64,73,-9,137,-18,
Botafogo2025Flamengo2025,Botafogo2025Flamengo2025Final,2025-08-04,Final,2025,Botafogo2025,Flamengo2025,89,83,11,36,17,47,22,30,87,77,12,34,19,43,13,18,90.2,91.92,91.06,89,87,2,176,2,
Caxias2025Pato Basquete2025,Caxias2025Pato Basquete2025Final,2025-08-04,Final,2025,Caxias2025,Pato Basquete2025,94,75,12,25,24,50,10,15,72,61,12,31,12,30,12,13,78.6,65.72,72.16,94,72,22,166,44,
IVV/CETAF2025UNIFACISA2025,IVV/CETAF2025UNIFACISA2025Final,2025-08-04,Final,2025,IVV/CETAF2025,UNIFACISA2025,73,63,6,23,22,40,11,20,50,61,1,23,17,38,13,23,78.8,71.12,74.96000000000001,73,50,23,123,46,
Minas2025União Corinthians2025,Minas2025União Corinthians2025Final,2025-08-04,Final,2025,Minas2025,União Corinthians2025,112,74,15,33,27,41,13,19,44,49,3,22,10,27,15,21,84.36,66.24000000000001,75.30000000000001,112,44,68,156,136,
B.Cearense2025Vasco/Tijuca2025,B.Cearense2025Vasco/Tijuca2025Final,2025-08-04,Final,2025,B.Cearense2025,Vasco/Tijuca2025,57,71,0,15,27,56,3,9,105,91,11,32,28,59,16,20,72.96,89.8,81.38,57,105,-48,162,-96,
